,Main Datasets,Poverty file,Not in column A
Aborlan,Aborlan,Aborlan,
Abra de Ilog,Abra De Ilog,Abra de Ilog,
Abucay,Abucay,Abucay,
Abulug,Abulug,Abulug,
Abuyog,Abuyog,Abuyog,
Adams,Adams,Adams,
Agdangan,Agdangan,Agdangan,
Aglipay,Aglipay,Aglipay,
Agno,Agno,Agno,
Agoncillo,Agoncillo,Agoncillo,
Agoo,Agoo,Agoo,
Aguilar,Aguilar,Aguilar,
Aguinaldo,Aguinaldo,Aguinaldo,
Agutaya,Agutaya,Agutaya,
Ajuy,Ajuy,Ajuy,
Akbar,Akbar,Akbar,
Alabat,Alabat,Alabat,
Alabel (Capital),Alabel,Alabel,
Alamada,Alamada,Alamada,
Alaminos,Alaminos (LA),Alaminos,
,Alaminos (PS),Alaminos City,
Alangalang,Alang-Alang,Alangalang,
Al-Barka,Al-Barka,Al-barka,
Albuera,Albuera,Albuera,
Alburquerque,Alburquerque,Alburquerque,
Alcala,Alcala (CG),Alcala,
Alcala,Alcala (PS),Alcala,
Alcantara,Alcantara (CU),Alcantara,
Alcantara,Alcantara (RN),Alcantara,
Alcoy,Alcoy,Alcoy,
Alegria,Alegria (CU),Alegria,
Alegria,Alegria (SN),Alegria,
Aleosan,Aleosan,Aleosan,
Alfonso,Alfonso,Alfonso,
Alfonso Casta吝da,Alfonso Castaneda,Alfonso Castaneda,
Alfonso Lista (Potia),Alfonso Lista,Alfonso Lista (Potia),
Aliaga,Aliaga,Aliaga,
Alicia,Alicia (BL),Alicia,
Alicia,Alicia (IA),Alicia,
Alicia,Alicia (ZS),Alicia,
Alilem,Alilem,Alilem,
Alimodian,Alimodian,Alimodian,
Alitagtag,Alitagtag,Alitagtag,
Allacapan,Allacapan,Allacapan,
Allen,Allen,Allen,
Almagro,Almagro,Almagro,
Almeria,Almeria,Almeria,
Aloguinsan,Aloguinsan,Aloguinsan,
Aloran,Aloran,Aloran,
Altavas,Altavas,Altavas,
Alubijid,Alubijid,Alubijid,
Amadeo,Amadeo,Amadeo,
Amai Manabilang,Amai Manabilang,Amai Manabilang,
Ambaguio,Ambaguio,Ambaguio,
Amlan (Ayuquitan),Amlan,Amlan,
Ampatuan,Ampatuan,Ampatuan,
Amulung,Amulung,Amulung,
Anahawan,Anahawan,Anahawan,
Anao,Anao,Anao,
Anda,Anda (BL),Anda,
Anda,Anda (PS),Anda,
Angadanan,Angadanan,Angadanan,
Angat,Angat,Angat,
,Angeles,,
Angono,Angono,Angono,
Anilao,Anilao,Anilao,
Anini-y,Anini-Y,Anini-Y,
Antequera,Antequera,Antequera,
Antipas,Antipas,Antipas,
,Antipolo,Antipolo City,
Apalit,Apalit,Apalit,
Aparri,Aparri,Aparri,
Araceli,Araceli,Araceli,
Arakan,Arakan,Arakan,
Arayat,Arayat,Arayat,
Argao,Argao,Argao,
Aringay,Aringay,Aringay,
Aritao,Aritao,Aritao,
Aroroy,Aroroy,Aroroy,
Arteche,Arteche,Arteche,
Asingan,Asingan,Asingan,
Asipulo,Asipulo,Asipulo,
Asturias,Asturias,Asturias,
Asuncion (Saug),Asuncion,Asuncion (Saug),
Atimonan,Atimonan,Atimonan,
Atok,Atok,Atok,
Aurora,Aurora (IA),Aurora,
Aurora,Aurora (ZR),Aurora,
Ayungon,Ayungon,Ayungon,
Baao,Baao,Baao,
Babatngon,Babatngon,Babatngon,
Bacacay,Bacacay,Bacacay,
Bacarra,Bacarra,Bacarra,
Baclayon,Baclayon,Baclayon,
Bacnotan,Bacnotan,Bacnotan,
Baco,Baco,Baco,
Bacolod,Bacolod (LN),Bacolod,
,Bacolod (NO),Bacolod-Kalawi,
Bacolod-Kalawi (Bacolod Grande),Bacolod-Kalawi,,
Bacolor,Bacolor,Bacolor,
Bacong,Bacong,Bacong,
Bacuag,Bacoor,Bacoor City,
Bacungan (Leon T. Postigo),Bacuag,Bacuag,
Badian,Bacungan Leon B. Postigo,Bacungan (Leon T. Postigo),
Badiangan,Badian,Badian,
Badoc,Badiangan,Badiangan,
Bagabag,Badoc,Badoc,
Bagac,Bagabag,Bagabag,
Bagamanoc,Bagac,Bagac,
Baganga,Bagamanoc,Bagamanoc,
Baggao,Baganga,Baganga,
Bagulin,Baggao,Baggao,
Bagumbayan,Bago,Bago City,
Bakun,Baguio,,
Balabac,Bagulin,Bagulin,
Balabagan,Bagumbayan,Bagumbayan,
Balagtas (Bigaa),Bais,Bais City,
Balamban,Bakun,Bakun,
Balangiga,Balabac,Balabac,
Balangkayan,Balabagan,Balabagan,
Balaoan,Balagtas,Balagtas,
Balasan,Balamban,Balamban,
Balatan,Balanga,Balanga City,
Balayan,Balangiga,Balangiga,
Balbalan,Balangkayan,Balangkayan,
Baleno,Balaoan,Balaoan,
Baler (Capital),Balasan,Balasan,
Balete,Balatan,Balatan,
Balete,Balayan,Balayan,
Baliangao,Balbalan,Balbalan,
Baliguian,Baleno,Baleno,
Balilihan,Baler,Baler,
Balindong (Watu),Balete (AK),Balete,
Balingasag,Balete (BS),Balete,
Balingoan,Baliangao,Baliangao,
Baliuag,Baliguian,Baliguian,
Ballesteros,Balilihan,Balilihan,
Baloi,Balindong,Balindong (Watu),
Balud,Balingasag,Balingasag,
Balungao,Balingoan,Balingoan,
Bamban,Baliwag,Baliuag,
Bambang,Ballesteros,Ballesteros,
Banate,Baloi,Baloi,
Banaue,Balud,Balud,
Banaybanay,Balungao,Balungao,
Banayoyo,Bamban,Bamban,
Banga,Bambang,Bambang,
Banga,Banate,Banate,
Bangar,Banaue,Banaue,
Bangued (Capital),Banaybanay,Banaybanay,
Bangui,Banayoyo,Banayoyo,
Bani,Banga (AK),Banga,
Banisilan,Banga (SC),Banga,
Banna (Espiritu),Bangar,Bangar,
Bansalan,Bangued,Bangued,
Bansud,Bangui,Bangui,
Bantay,Bani,Bani,
Bantayan,Banisilan,Banisilan,
Banton,Banna,Banna,
Baras,Bansalan,Bansalan,
Baras,Bansud,Bansud,
Barbaza,Bantay,Bantay,
Barcelona,Bantayan Island,Bantayan,
Barili,Banton,Banton,
Barira,Baras (CT),Baras,
Barlig,Baras (RL),Baras,
Barobo,Barbaza,Barbaza,
Barotac Nuevo,Barcelona,Barcelona,
Barotac Viejo,Barili,Barili,
Baroy,Barira,Barira,
Barugo,Barlig,Barlig,
Basay,Barobo,Barobo,
Basco (Capital),Barotac Nuevo,Barotac Nuevo,
Basey,Barotac Viejo,Barotac Viejo,
Basilisa (Rizal),Baroy,Baroy,
Basista,Barugo,Barugo,
Basud,Basay,Basay,
Batad,Basco,Basco,
Batan,Basey,Basey,
Batangas City (Capital),Basilisa,Basilisa (Rizal),
Bataraza,Basista,Basista,
Bato,Basud (CN),Basud,
Bato,Batac,Batac City,
Bato,Batad,Batad,
Batuan,Batan,Batan,
Batuan,Batangas,Batangas City,
Bauan,Bataraza,Bataraza,
Bauang,Bato (CS),Bato,
Bauko,Bato (CT),Bato,
Baungon,Bato (LE),Bato,
Bautista,Batuan (BL),Batuan,
Bay,Batuan (MS),Batuan,
Bayabas,Bauan,Bauan,
Bayambang,Bauang,Bauang,
Bayang,Bauko,Bauko,
Bayog,Baungon,Baungon,
Bayombong (Capital),Bautista,Bautista,
Belison,Bay,Bay,
Benito Soliven,Bayabas,Bayabas,
Besao,Bayambang,Bayambang,
Bien Unido,Bayang,Bayang,
Bilar,Bayawan,Bayawan City,
Biliran,Baybay,Baybay City,
Binalbagan,Bayog,Bayog,
Binalonan,Bayombong,Bayombong,
Binangonan,Bayugan,Bayugan City,
Bindoy (Payabon),Belison,Belizon,
Bingawan,Benito Soliven,Benito Soliven,
Binidayan,Besao,Besao,
Binmaley,Bien Unido,Bi침an City,
Binuangan,Bilar,Bien Unido,
Biri,Biliran,Bilar,
Boac (Capital),Binalbagan,Biliran,
Bobon,Binalonan,Binalbagan,
Bocaue,Binan,Binalonan,
Bokod,Binangonan,Binangonan,
Bolinao,Bindoy,Bindoy,
Boliney,Bingawan,Bingawan,
Boljoon,Binidayan,Binidayan,
Bombon,Binmaley,Binmaley,Binondo
Bongabon,Binuangan,Binuangan,
Bongabong,Biri,Biri,
Bongao (Capital),Bislig,Bislig City,
Bonifacio,Boac,Boac,
Bontoc,Bobon,Bobon,
Bontoc (Capital),Bocaue,Bocaue,
Borbon,Bogo,Bogo City,
Boston,Bokod,Bokod,
Botolan,Bolinao,Bolinao,
Braulio E. Dujali,Boliney,Boliney,
Brooke's Point,Boljoon,Boljoon,
Buadiposo-Buntong,Bombon,Bombon,
Bubong,Bongabon,Bongabon,
Bucay,Bongabong,Bongabong,
Bucloc,Bongao,Bongao,
Buenavista,Bonifacio,Bonifacio,
Buenavista,Bontoc (MP),Bontoc,
Buenavista,Bontoc (SL),Bontoc,
Buenavista,Borbon,Borbon,
Buenavista,Borongan,Borongan City,
Bugallon,Boston,Boston,
Bugasong,Botolan,Botolan,
Buguey,Braulio E. Dujali,Braulio E. Dujali,
Buguias,Brooke's Point,Brooke's Point,
Buhi,Buadiposo-Buntong,Buadiposo-Buntong,
Bula,Bubong,Bubong,
Bulacan,Bucay,Bucay,
Bulalacao (San Pedro),Bucloc,Bucloc,
Bulan,Buenavista (AN),Buenavista,
Buldon,Buenavista (BL),Buenavista,
Buluan,Buenavista (GS),Buenavista,
Bulusan,Buenavista (ME),Buenavista,
Bunawan,Buenavista (QN),Buenavista,
Burauen,Bugallon,Bugallon,
Burdeos,Bugasong,Bugasong,
Burgos,Buguey,Buguey,
Burgos,Buguias,Buguias,
Burgos,Buhi,Buhi,
Burgos,Bula,Bula,
Burgos,Bulakan,Bulacan,
Burgos,Bulalacao,Bulalacao,
Buruanga,Bulan,Bulan,
Bustos,Buldon,Buldon,
Busuanga,Buluan,Buluan,
Butig,Bulusan,Bulusan,
Buug,Bunawan,Bunawan,
Caba,Burauen,Burauen,
Cabagan,Burdeos,Burdeos,
Cabangan,Burgos (IA),Burgos,
Cabanglasan,Burgos (IN),Burgos,
Cabarroguis (Capital),Burgos (IS),Burgos,
Cabatuan,Burgos (LU),Burgos,
Cabatuan,Burgos (PS),Burgos,
Cabiao,Burgos (SN),Burgos,
Cabucgayan,Buruanga,Buruanga,
Cabugao,Bustos,Bustos,
Cabusao,Busuanga,Busuanga,
Cagayancillo,Butig,Butig,
Cagdianao,Butuan,,
Cagwait,Buug,Buug,
Caibiran,Caba,Caba,
Cainta,Cabadbaran,Cabadbaran City,
Cajidiocan,Cabagan,Cabagan,
Calabanga,Cabanatuan,Cabanatuan City,
Calaca,Cabangan,Cabangan,
Calamba,Cabanglasan,Cabanglasan,
Calanasan (Bayag),Cabarroguis,,
Calanogas,Cabatuan (IA),Cabatuan,
Calape,Cabatuan (IO),Cabatuan,
Calasiao,Cabiao,Cabiao,
Calatagan,Cabucgayan,Cabucgayan,
Calatrava,Cabugao,Cabugao,
Calatrava,Cabusao,Cabusao,
Calauag,Cabuyao,Cabuyao City,
Calauan,Cadiz,Cadiz City,
Calayan,Cagayan De Oro,,
Calbiga,Cagayancillo,Cagayancillo,
Calinog,Cagdianao,Cagdianao,
Calintaan,Cagwait,Cagwait,
Calubian,Caibiran,Caibiran,
Calumpit,Cainta,Cainta,
Caluya,Cajidiocan,Cajidiocan,
Camalaniugan,Calabanga,Calabanga,
Camalig,Calaca,Calaca,
Camaligan,Calamba (LA),Calamba,
Camiling,Calamba (MC),Calamba City,
Canaman,Calanasan,Calanasan (Bayag),
Can-avid,Calanogas,Calanogas,
Candaba,Calapan,Calapan City,
Candelaria,Calape,Calape,
Candelaria,Calasiao,Calasiao,
Candijay,Calatagan,Calatagan,
Candoni,Calatrava (NO),Calatrava,
Cantilan,Calatrava (RN),Calatrava,
Caoayan,Calauag,Calauag,
Capalonga,Calauan,Calauan,
Capas,Calayan,Calayan,
Capoocan,Calbayog,Calbayog City,
Capul,Calbiga,Calbiga,
Caraga,Calinog,Calinog,
Caramoan,Calintaan,Calintaan,
Caramoran,Caloocan,,
Carasi,Calubian,Calubian,
Cardona,Calumpit,Calumpit,
Carigara,Caluya,Caluya,
Carles,Camalaniugan,Camalaniugan,
Carmen,Camalig,Camalig,
Carmen,Camaligan,Camaligan,
Carmen,Camiling,Camiling,
Carmen,Canaman,Canaman,
Carmen,Can-Avid,Can-avid,
Carmen,Candaba,Candaba,
Carmona,Candelaria (QN),Candelaria,
Carranglan,Candelaria (ZA),Candelaria,
Carrascal,Candijay,Candijay,
Casiguran,Candon,Candon City,
Casiguran,Candoni,Candoni,
Castilla,Canlaon,Canlaon City,
Castillejos,Cantilan,Cantilan,
Cataingan,Caoayan,Caoayan,
Catanauan,Capalonga,Capalonga,
Catarman,Capas,Capas,
Catarman (Capital),Capoocan,Capoocan,
Cateel,Capul,Capul,
Catigbian,Caraga,Caraga,
Catmon,Caramoan,Caramoan,
Catubig,Caramoran,Caramoran,
Cauayan,Carasi,Carasi,
Cavinti,Carcar,Carcar City,
Cawayan,Cardona,Cardona,
Cervantes,Carigara,Carigara,
City of  Taguig,Carles,Carles,
City of Alaminos,Carmen (AN),Carmen,
City of Antipolo (Capital),Carmen (BL),Carmen,
City of Bacoor,Carmen (CU),Carmen,
City of Bago,Carmen (DN),Carmen,
City of Bais,Carmen (NC),Carmen,
City of Balanga (Capital),Carmen (SS),Carmen,
City of Batac,Carmona,Carmona,
City of Bayawan (Tulong),Carranglan,Carranglan,
City of Baybay,Carrascal,Carrascal,
City of Bayugan,Casiguran (AU),Casiguran,
City of Bi人n,Casiguran (SO),Casiguran,
City of Bislig,Castilla,Castilla,
City of Bogo,Castillejos,Castillejos,
City of Borongan (Capital),Cataingan,Cataingan,
City of Cabadbaran (Capital),Catanauan,Catanauan,
City of Cabanatuan,Catarman (CM),Catarman,
City of Cabuyao,Catarman (NS),Catarman,
City of Cadiz,Catbalogan,Catbalogan City,
City of Calamba,Cateel,Cateel,
City of Calapan (Capital),Catigbian,Catigbian,
City of Calbayog,Catmon,Catmon,
City of Caloocan,Catubig,Catubig,
City of Candon,Cauayan (IA),Cauayan,
City of Canlaon,Cauayan (NO),Cauayan City,
City of Carcar,Cavinti,Cavinti,
City of Catbalogan (Capital),Cavite,Cavite City,
City of Cauayan,Cawayan,Cawayan,
City of Cavite,Cebu,,
City of Dagupan,Cervantes,Cervantes,
City of Dapitan,Clarin (BL),Clarin,
City of Dasmari人s,Clarin (MC),Clarin,
City of Digos (Capital),Claver,Claver,
City of Dipolog (Capital),Claveria (CG),Claveria,
City of Dumaguete (Capital),Claveria (MO),Claveria,
City of El Salvador,Claveria (MS),Claveria,
City of Escalante,Columbio,Columbio,Cobarronguis
City of Gapan,Compostela (CU),Compostela,
City of General Trias,Compostela (DDO),Compostela,
City of Gingoog,Concepcion,Concepcion,
City of Guihulngan,Concepcion (IO),Concepcion,
City of Himamaylan,Concepcion (RN),Concepcion,
City of Ilagan (Capital),Concepcion (TC),Concepcion,
City of Imus,Conner,Conner,
City of Iriga,Consolacion,Consolacion,
City of Kabankalan,Corcuera,Corcuera,
City of Kidapawan (Capital),Cordon,Cordon,
City of Koronadal (Capital),Cordova,Cordova,Cordoba
City of La Carlota,Corella,Corella,
City of Lamitan (Capital),Coron,Coron,
City of Laoag (Capital),Cortes (BL),Cortes,
City of Las Pi人s,Cortes (SS),Cortes,
City of Legazpi (Capital),Cotabato,,
City of Ligao,Cuartero,Cuartero,
City of Lipa,Cuenca,Cuenca,
City of Maasin (Capital),Culaba,Culaba,
City of Makati,Culasi,Culasi,
City of Malabon,Culion,Culion,
City of Malaybalay (Capital),Currimao,Currimao,
City of Malolos (Capital),Cuyapo,Cuyapo,
City of Mandaluyong,Cuyo,Cuyo,
City of Manila,Daan Bantayan,Daanbantayan,
City of Marawi (Capital),Daet,Daet,
City of Marikina,Dagami,Dagami,
City of Masbate (Capital),Dagohoy,Dagohoy,
City of Mati (Capital),Daguioman,Daguioman,
City of Meycauayan,Dagupan,Dagupan City,
City of Muntinlupa,Dalaguete,Dalaguete,
City of Naga,Damulog,Damulog,
City of Naga,Danao (BL),Danao,
City of Navotas,Danao (CU),Danao City,
City of Oroquieta (Capital),Dangcagan,Dangcagan,
City of Ozamiz,Danglas,Danglas,
City of Pagadian (Capital),Dao,Dao,
City of Palayan (Capital),Dapa,Dapa,
City of Panabo,Dapitan,Dapitan City,
City of Para人que,Daraga,Daraga (Locsin),
City of Pasig,Daram,Daram,
City of Passi,Dasmarinas,Dasmari침as City,
City of Roxas  (Capital),Dasol,Dasol,
City of Sagay,Datu Abdullah Sangki,Datu Abdullah Sangki,
City of San Carlos,Datu Anggal Midtimbang,Datu Anggal Midtimbang,
City of San Carlos,Datu Blah Sinsuat,Datu Blah T. Sinsuat,
City of San Fernando (Capital),Datu Hoffer Ampatuan,Datu Hoffer Ampatuan,
City of San Fernando (Capital),Datu Odin Sinsuat,Datu Odin Sinsuat (Dinaig),
City of San Jose del Monte,Datu Paglas,Datu Paglas,
City of San Juan,Datu Piang,Datu Piang,
City of San Pablo,Datu Salibo,Datu Salibo,
City of San Pedro,Datu Saudi-Ampatuan,Datu Saudi-Ampatuan,
City of Santa Rosa,Datu Unsay,Datu Unsay,
City of Santiago,Dauin,Dauin,
City of Santo Tomas,Dauis,Dauis,
City of Silay,Davao,,
City of Sipalay,Del Carmen,Del Carmen,
City of Sorsogon (Capital),Del Gallego,Del Gallego,
City of Surigao (Capital),Delfin Albano,Delfin Albano,
City of Tabaco,Diadi,Diadi,
City of Tabuk (Capital),Diffun,Diffun,
City of Tacurong,Digos,Digos City,
City of Tagaytay,Dilasag,Dilasag,
City of Tagbilaran (Capital),Dimasalang,Dimasalang,
City of Tagum (Capital),Dimataling,Dimataling,
City of Talisay,Dimiao,Dimiao,
City of Talisay,Dinagat,Dinagat,
City of Tanauan,Dinalungan,Dinalungan,
City of Tandag (Capital),Dinalupihan,Dinalupihan,
City of Tangub,Dinapigue,Dinapigue,
City of Tanjay,Dinas,Dinas,
City of Tarlac (Capital),Dingalan,Dingalan,
City of Tayabas,Dingle,Dingle,
City of Toledo,Dingras,Dingras,
City of Trece Martires  (Capital),Dipaculao,Dipaculao,
City of Urdaneta,Diplahan,Diplahan,
City of Valencia,Dipolog,Dipolog City,
City of Valenzuela,Ditsaan-Ramain,Ditsaan-Ramain,
City of Victorias,Divilacan,Divilican,
City of Vigan (Capital),Dolores (AA),Dolores,
Clarin,Dolores (ES),Dolores,
Clarin,Dolores (QN),Dolores,
Claver,Don Carlos,Don Carlos,
Claveria,Don Marcelino,Don Marcelino,
Claveria,Don Victoriano Chiongbian,Don Victoriano Chiongbian,
Claveria,Dona Remedios Trinidad,Do침a Remedios Trinidad,
Columbio,Donsol,Donsol,
Compostela,Duenas,Due침as,
Compostela,Duero,Duero,
Concepcion,Dulag,Dulag,
Concepcion,Dumaguete,Dumaguete City,
Concepcion,Dumalag,Dumalag,
Concepcion,Dumalinao,Dumalinao,
Conner,Dumalneg,Dumalneg,
Consolacion,Dumangas,Dumangas,
Corcuera,Dumanjug,Dumanjug,
Cordon,Dumaran,Dumaran,
Cordova,Dumarao,Dumarao,
Corella,Dumingag,Dumingag,
Coron,Dupax Del Norte,Dupax del Norte,
Cortes,Dupax Del Sur,Dupax del Sur,
Cortes,E. B. Magalona,Enrique B. Magalona,
Cuartero,Echague,Echague,
Cuenca,El Nido,El Nido,
Culaba,El Salvador,El Salvador City,
Culasi,Enrile,Enrile,
Culion,Enrique Villanueva,Enrique Villanueva,
Currimao,Escalante,Escalante City,Ermita
Cuyapo,Esperanza (AS),Esperanza,
Cuyo,Esperanza (MS),Esperanza,
Daanbantayan,Esperanza (SK),Esperanza,
Daet (Capital),Estancia,Estancia,
Dagami,Famy,Famy,
Dagohoy,Ferrol,Ferrol,
Daguioman,Flora,Flora,
Dalaguete,Floridablanca,Floridablanca,
Damulog,Gabaldon,Gabaldon,
Danao,Gainza,Gainza,
Danao City,Galimuyod,Galimuyod,
Dangcagan,Gamay,Gamay,
Danglas,Gamu,Gamu,
Dao,Ganassi,Ganassi,
Dapa,Gandara,Gandara,
Daraga (Locsin),Gapan,Gapan City,
Daram,Garchitorena,Garchitorena,
Dasol,Garcia-Hernandez,Garcia Hernandez,
Datu Abdullah Sangki,Gasan,Gasan,
Datu Anggal Midtimbang,Gattaran,Gattaran,
Datu Blah T. Sinsuat,Gen S.K Pendatun,Gen. Mariano Alvarez,
Datu Hoffer Ampatuan,Gen. Emilio Aguinaldo,Gen. S. K. Pendatun,
Datu Odin Sinsuat (Dinaig),Gen. Mariano Alvarez,General Emilio Aguinaldo,
Datu Paglas,General Luna  (SN),General Luna,
Datu Piang,General Luna (QN),General Luna,
Datu Salibo,General Macarthur,General MacArthur,
Datu Saudi-Ampatuan,General Mamerto Natividad,General Mamerto Natividad,
Datu Unsay,General Nakar,General Nakar,
Dauin,General Santos,,
Dauis,General Tinio,General Tinio,
Del Carmen,General Trias,General Trias City,
Del Gallego,Gerona,Gerona,
Delfin Albano (Magsaysay),Getafe,Getafe,
Diadi,Gigaquit,Gigaquit,
Diffun,Gigmoto,Gigmoto,
Dilasag,Ginatilan,Ginatilan,
Dimasalang,Gingoog,Gingoog City,
Dimataling,Giporlos,Giporlos,
Dimiao,Gitagum,Gitagum,
Dinagat,Glan,Glan,
Dinalungan,Gloria,Gloria,
Dinalupihan,Goa,Goa,
Dinapigue,Godod,Godod,
Dinas,Gonzaga,Gonzaga,
Dingalan,Governor Generoso,Governor Generoso,
Dingle,Gregorio Del Pilar,Gregorio del Pilar,
Dingras,Guagua,Guagua,
Dipaculao,Gubat,Gubat,
Diplahan,Guiguinto (BU),Guiguinto,
Ditsaan-Ramain,Guihulngan,Guihulngan City,
Divilacan,Guimba,Guimba,
Dolores,Guimbal,Guimbal,
Dolores,Guinayangan,Guinayangan,
Dolores,Guindulman,Guindulman,
Don Carlos,Guindulungan,Guindulungan,
Don Marcelino,Guinobatan,Guinobatan,
Don Victoriano Chiongbian (Don Mariano Marcos),Guinsiliban,Guinsiliban,
Do人 Remedios Trinidad,Guipos,Guipos,
Donsol,Guiuan,Guiuan,
Due人s,Gumaca,Gumaca,
Duero,Gutalac,Gutalac,
Dulag,Hadji Mohammad Ajul,Hadji Mohammad Ajul,
Dumalag,Hadji Muhtamad,Hadji Muhtamad,
Dumalinao,Hadji Panglima Tahil,Hadji Panglima Tahil (Marunggas),
Dumalneg,Hagonoy (BU),Hagonoy,
Dumangas,Hagonoy (DS),Hagonoy,
Dumanjug,Hamtic,Hamtic,
Dumaran,Hermosa,Hermosa,
Dumarao,Hernani,Hernani,
Dumingag,Hilongos,Hilongos,
Dupax del Norte,Himamaylan,Himamaylan City,
Dupax del Sur,Hinabangan,Hinabangan,
Echague,Hinatuan,Hinatuan,
El Nido (Bacuit),Hindang,Hindang,
Enrile,Hingyon,Hingyon,
Enrique B. Magalona (Saravia),Hinigaran,Hinigaran,
Enrique Villanueva,Hinobaan,Hinoba-An (Asia),
Esperanza,Hinunangan,Hinunangan,
Esperanza,Hinundayan,Hinundayan,
Esperanza,Hungduan,Hungduan,
Estancia,Iba,Iba,
Famy,Ibaan,Ibaan,
Ferrol,Ibajay,Ibajay,
Flora,Igacos,,
Floridablanca,Igbaras,Igbaras,
Gabaldon (Bitulok & Sabani),Iguig,Iguig,
Gainza,Ilagan,Ilagan City,
Galimuyod,Iligan,,
Gamay,Ilog,Ilog,
Gamu,Iloilo,,
Ganassi,Imelda,Imelda,
Gandara,Impasug-Ong,Impasug-ong,
Garchitorena,Imus,Imus City,
Garcia Hernandez,Inabanga,Inabanga,
Gasan,Indanan,Indanan,
Gattaran,Indang,Indang,
Gen. Mariano Alvarez,Infanta (PS),Infanta,
Gen. S. K. Pendatun,Infanta (QN),Infanta,
General Emilio Aguinaldo,Initao,Initao,
General Luna,Inopacan,Inopacan,
General Luna,Ipil,Ipil,Intramuros
General MacArthur,Iriga,Iriga City,
General Mamerto Natividad,Irosin,Irosin,
General Nakar,Isabel,Isabel,
General Tinio (Papaya),Isabela (BAS),Isabela,
Gerona,Isabela (NO),Island Garden City of Samal,
Getafe,Isulan,Isulan,
Gigaquit,Itbayat,Itbayat,
Gigmoto,Itogon,Itogon,
Ginatilan,Ivana,Ivana,
Giporlos,Ivisan,Ivisan,
Gitagum,Jabonga,Jabonga,
Glan,Jaen,Jaen,
Gloria,Jagna,Jagna,
Goa,Jalajala,Jala-Jala,
Godod,Jamindan,Jamindan,
Gonzaga,Janiuay,Janiuay,
Governor Generoso,Jaro,Jaro,
Gregorio del Pilar (Concepcion),Jasaan,Jasaan,
Guagua,Javier,Javier (Bugho),
Gubat,Jiabong,Jiabong,
Guiguinto,Jimalalud,Jimalalud,
Guimba,Jimenez,Jimenez,
Guimbal,Jipapad,Jipapad,
Guinayangan,Jolo,Jolo,
Guindulman,Jomalig,Jomalig,
Guindulungan,Jones,Jones,
Guinobatan,Jordan,Jordan,
Guinsiliban,Jose Abad Santos,Jose Abad Santos (Trinidad),
Guipos,Jose Dalman,Jose Dalman (Ponot),
Guiuan,Jose Panganiban,Jose Panganiban,
Gumaca,Josefina,Josefina,
Gutalac,Jovellar,Jovellar,
Hadji Mohammad Ajul,Juban,Juban,
Hadji Muhtamad,Julita,Julita,
Hadji Panglima Tahil (Marunggas),Kabacan,Kabacan,
Hagonoy,Kabankalan,Kabankalan City,
Hagonoy,Kabasalan,Kabasalan,
Hamtic,Kabayan,Kabayan,
Hermosa,Kabugao,Kabugao,
Hernani,Kabuntalan,Kabuntalan (Tumbao),
Hilongos,Kadingilan,Kadingilan,
Hinabangan,Kalamansig,Kalamansig,
Hinatuan,Kalawit,Kalawit,
Hindang,Kalayaan (LA),Kalayaan,
Hingyon,Kalayaan (PN),,
Hinigaran,Kalibo,Kalibo,
Hinoba-an (Asia),Kalilangan,Kalilangan,
Hinunangan,Kalingalan Caluang,Kalingalan Caluang,
Hinundayan,Kananga,Kananga,
Hungduan,Kapai,Kapai,
Iba (Capital),Kapalong,Kapalong,
Ibaan,Kapangan,Kapangan,
Ibajay,Kapatagan (LN),Kapatagan,
Igbaras,Kapatagan (LS),Kapatagan,
Iguig,Kasibu,Kasibu,
Ilog,Katipunan,Katipunan,
Imelda,Kauswagan,Kauswagan,
Impasug-ong,Kawayan,Kawayan,
Inabanga,Kawit,Kawit,
Indanan,Kayapa,Kayapa,
Indang,Kiamba,Kiamba,
Infanta,Kiangan,Kiangan,
Infanta,Kibawe,Kibawe,
Initao,Kiblawan,Kiblawan,
Inopacan,Kibungan,Kibungan,
Ipil (Capital),Kidapawan,Kidapawan City,
Irosin,Kinoguitan,Kinoguitan,
Isabel,Kitaotao,Kitaotao,
Isabela,Kitcharao,Kitcharao,
Island Garden City of Samal,Kolambugan,Kolambugan,
Isulan (Capital),Koronadal,Koronodal City,
Itbayat,Kumalarang,Kumalarang,
Itogon,La Carlota,La Carlota City,
Ivana,La Castellana,La Castellana,
Ivisan,La Libertad (NR),La Libertad,
Jabonga,La Libertad (ZN),La Libertad,
Jaen,La Paz (AA),La Paz,
Jagna,La Paz (AS),La Paz,
Jala-Jala,La Paz (LE),La Paz,
Jamindan,La Paz (TC),La Paz,
Janiuay,La Trinidad,La Trinidad,
Jaro,Laak,Laak (San Vicente),
Jasaan,Labangan,Labangan,
Javier (Bugho),Labason,Labason,
Jiabong,Labo,Labo,
Jimalalud,Labrador,Labrador,
Jimenez,Lacub,Lacub,
Jipapad,Lagangilang,Lagangilang,
Jolo (Capital),Lagawe,Lagawe,
Jomalig,Lagayan,Lagayan,
Jones,Lagonglong,Lagonglong,
Jordan (Capital),Lagonoy,Lagonoy,
Jose Abad Santos (Trinidad),Laguindingan,Laguindingan,
Jose Dalman (Ponot),Lake Sebu,Lake Sebu,
Jose Panganiban,Lakewood,Lakewood,
Josefina,Lala,Lala,
Jovellar,Lallo,Lal-lo,
Juban,Lambayong,Lambayong,
Julita,Lambunao,Lambunao,
Kabacan,Lamitan,Lamitan City,
Kabasalan,Lamut,Lamut,
Kabayan,Langiden,Langiden,
Kabugao (Capital),Languyan,Languyan,
Kabuntalan (Tumbao),Lantapan,Lantapan,
Kadingilan,Lantawan,Lantawan,
Kalamansig,Lanuza,Lanuza,
Kalawit,Laoac,Laoac,
Kalayaan,Laoag,Laoag City,
Kalayaan,Laoang,Laoang,
Kalibo (Capital),Lapinig,Lapinig,
Kalilangan,Lapu Lapu,,
Kalingalan Caluang,Lapuyan,Lapuyan,
Kananga,Larena,Larena,
Kapai,Las Navas,Las Navas,
Kapalong,Las Nieves,Las Nieves,
Kapangan,Las Pinas,,
Kapatagan,Lasam,Lasam,
Kapatagan,Laua-An,Laua-an,
Kasibu,Laur,Laur,
Katipunan,Laurel,Laurel,
Kauswagan,Lavezares,Lavezares,
Kawayan,Lawaan,Lawaan,
Kawit,Lazi,Lazi,
Kayapa,Lebak,Lebak,
Kiamba,Leganes,Leganes,
Kiangan,Legazpi,Legazpi City,
Kibawe,Lemery (BS),Lemery,
Kiblawan,Lemery (IO),Lemery,
Kibungan,Leon,Leon,
Kinoguitan,Leyte,Leyte,
Kitaotao,Lezo,Lezo,
Kitcharao,Lian,Lian,
Kolambugan,Lianga,Lianga,
Kumalarang,Libacao,Libacao,
La Castellana,Libagon,Libagon,
La Libertad,Libertad (AE),Libertad,
La Libertad,Libertad (MO),Libertad,
La Paz,Libjo,Libjo (Albor),
La Paz,Libmanan,Libmanan,
La Paz,Libon,Libon,
La Paz,Libona,Libona,
La Trinidad (Capital),Libungan,Libungan,
Laak (San Vicente),Licab,Licab,
Labangan,Licuan-Baay,Licuan-Baay (Licuan),
Labason,Lidlidda,Lidlidda,
Labo,Ligao,Ligao City,
Labrador,Lila,Lila,
Lacub,Liliw,Liliw,
Lagangilang,Liloan (CU),Liloan,
Lagawe (Capital),Liloan (SL),Liloan,
Lagayan,Liloy,Liloy,
Lagonglong,Limasawa,Limasawa,
Lagonoy,Limay,Limay,
Laguindingan,Linamon,Linamon,
Lake Sebu,Linapacan,Linapacan,
Lakewood,Lingayen,Lingayen,
Lala,Lingig,Lingig,
Lal-lo,Lipa,Lipa City,
Lambayong (Mariano Marcos),Llanera,Llanera,
Lambunao,Llorente,Llorente,
Lamut,Loay,Loay,
Langiden,Lobo,Lobo,
Languyan,Loboc,Loboc,
Lantapan,Looc (OM),Looc,
Lantawan,Looc (RN),Looc,
Lanuza,Loon,Loon,
Laoac,Lope De Vega,Lope De Vega,
Laoang,Lopez,Lopez,
Lapinig,Lopez Jaena,Lopez Jaena,
Lapuyan,Loreto (AS),Loreto,
Larena,Loreto (DI),Loreto,
Las Navas,Los Banos,Los Ba침os,
Las Nieves,Luba,Luba,
Lasam,Lubang,Lubang,
Laua-an,Lubao,Lubao,
Laur,Lubuagan,Lubuagan,
Laurel,Lucban,Lucban,
Lavezares,Lucena,,
Lawaan,Lugait,Lugait,
Lazi,Lugus,Lugus,
Lebak,Luisiana,Luisiana,
Leganes,Lumba-Bayabao,Lumba-Bayabao (Maguing),
Lemery,Lumbaca-Unayan,Lumbaca-Unayan,
Lemery,Lumban,Lumban,
Leon,Lumbatan,Lumbatan,
Leyte,Lumbayanague,Lumbayanague,
Lezo,Luna (AO),Luna,
Lian,Luna (IA),Luna,
Lianga,Luna (LU),Luna,
Libacao,Lupao,Lupao,
Libagon,Lupi,Lupi,
Libertad,Lupon,Lupon,
Libertad,Lutayan,Lutayan,
Libjo (Albor),Luuk,Luuk,
Libmanan,Maasim,Maasim,
Libon,Maasin (IO),Maasin,
Libona,Maasin (SL),Maasin City,
Libungan,Ma-Ayon,Ma-ayon,
Licab,Mabalacat,Mabalacat City,
Licuan-Baay (Licuan),Mabinay,Mabinay,
Lidlidda,Mabini (BL),Mabini,
Lila,Mabini (BS),Mabini,
Liliw,Mabini (CV),Mabini,
Liloan,Mabini (PS),Mabini (Do침a Alicia),
Liloan,Mabitac,Mabitac,
Liloy,Mabuhay,Mabuhay,
Limasawa,Macabebe,Macabebe,
Limay,Macalelon,Macalelon,
Linamon,Macarthur,MacArthur,
Linapacan,Maco,Maco,
Lingayen (Capital),Maconacon,Maconacon,
Lingig,Macrohon,Macrohon,
Llanera,Madalag,Madalag,
Llorente,Madalum,Madalum,
Loay,Madamba,Madamba,
Lobo,Maddela,Maddela,
Loboc,Madrid,Madrid,
Looc,Madridejos,Madridejos,
Looc,Magalang,Magalang,
Loon,Magallanes (AN),Magallanes,
Lope de Vega,Magallanes (CE),Magallanes,
Lopez,Magallanes (SO),Magallanes,
Lopez Jaena,Magarao,Magarao,
Loreto,Magdalena,Magdalena,
Loreto,Magdiwang,Magdiwang,
Los Ba絪s,Magpet,Magpet,
Luba,Magsaysay (DS),Magsaysay,
Lubang,Magsaysay (LN),Magsaysay,
Lubao,Magsaysay (MO),Magsaysay,
Lubuagan,Magsaysay (OM),Magsaysay,
Lucban,Magsaysay (PN),Magsaysay,
Lugait,Magsingal,Magsingal,
Lugus,Maguing,Maguing,
Luisiana,Mahaplag,Mahaplag,
Lumba-Bayabao (Maguing),Mahatao,Mahatao,
Lumbaca-Unayan,Mahayag,Mahayag,
Lumban,Mahinog,Mahinog,
Lumbatan,Maigo,Maigo,
Lumbayanague,Maimbung,Maimbung,
Luna,Mainit,Mainit,
Luna,Maitum,Maitum,
Luna,Majayjay,Majayjay,
Lupao,Makati,,
Lupi,Makato,Makato,
Lupon,Makilala,Makilala,
Lutayan,Malabang,Malabang,
Luuk,Malabon,Malabuyoc,
Maasim,Malabuyoc,Malalag,
Maasin,Malalag,Malangas,
Ma-ayon,Malangas,Malapatan,
Mabalacat City,Malapatan,Malasiqui,
Mabinay,Malasiqui,Malate,
Mabini,Malay,Malay,
Mabini,Malaybalay,Malaybalay City,
Mabini,Malibcong,Malibcong,
Mabini (Do人 Alicia),Malilipot,Malilipot,
Mabitac,Malimono,Malimono,
Mabuhay,Malinao (AK),Malinao,
Macabebe,Malinao (AY),Malinao,
Macalelon,Malita,Malita,
MacArthur,Malitbog (BK),Malitbog,
Maco,Malitbog (SL),Malitbog,
Maconacon,Mallig,Mallig,
Macrohon,Malolos,Malolos City,
Madalag,Malungon,Malungon,
Madalum,Maluso,Maluso,
Madamba,Malvar,Malvar,
Maddela,Mamasapano,Mamasapano,
Madrid,Mambajao,Mambajao,
Madridejos,Mamburao,Mamburao,
Magalang,Mambusao,Mambusao,
Magallanes,Manabo,Manabo,
Magallanes,Manaoag,Manaoag,
Magallanes,Manapla,Manapla,
Magarao,Manay,Manay,
Magdalena,Mandaluyong,,
Magdiwang,Mandaon,Mandaon,
Magpet,Mandaue,,
Magsaysay,Mangaldan,Mangaldan,
Magsaysay,Mangatarem,Mangatarem,
Magsaysay,Mangudadatu,Mangudadatu,
Magsaysay,Manila,,
Magsaysay (Linugos),Manito,Manito,
Magsingal,Manjuyod,Manjuyod,
Maguing,Mankayan,Mankayan,
Mahaplag,Manolo Fortich,Manolo Fortich,
Mahatao,Mansalay,Mansalay,
Mahayag,Manticao,Manticao,
Mahinog,Manukan,Manukan,
Maigo,Mapanas,Mapanas,
Maimbung,Mapandan,Mapandan,
Mainit,Mapun,Mapun (Cagayan De Tawi-Tawi),
Maitum,Marabut,Marabut,
Majayjay,Maragondon,Maragondon,
Makato,Maragusan,Maragusan (San Mariano),
Makilala,Maramag,Maramag,
Malabang,Marantao,Marantao,
Malabuyoc,Marawi,Marawi City,
Malalag,Marcos,Marcos,
Malangas,Margosatubig,Margosatubig,
Malapatan,Maria,Maria,
Malasiqui,Maria Aurora,Maria Aurora,
Malay,Maribojoc,Maribojoc,
Malibcong,Marihatag,Marihatag,
Malilipot,Marikina,,
Malimono,Marilao,Marilao,
Malinao,Maripipi,Maripipi,
Malinao,Mariveles,Mariveles,
Malita (Capital),Marogong,Marogong,
Malitbog,Masantol,Masantol,
Malitbog,Masbate,Masbate City,
Mallig,Masinloc,Masinloc,
Malungon,Masiu,Masiu,
Maluso,Maslog,Maslog,
Malvar,Mataasnakahoy,Mataas Na Kahoy,
Mamasapano,Matag-Ob,Matag-ob,
Mambajao (Capital),Matalam,Matalam,
Mamburao (Capital),Matalom,Matalom,
Mambusao,Matanao,Matanao,
Manabo,Matanog,Matanog,
Manaoag,Mati,Mati City (Capital),
Manapla,Matnog,Matnog,
Manay,Matuguinao,Matuguinao,
Mandaon,Matungao,Matungao,
Mangaldan,Mauban,Mauban,
Mangatarem,Mawab,Mawab,
Mangudadatu,Mayantoc,Mayantoc,
Manito,Maydolong,Maydolong,
Manjuyod,Mayorga,Mayorga,
Mankayan,Mayoyao,Mayoyao,
Manolo Fortich,Medellin,Medellin,
Mansalay,Medina,Medina,
Manticao,Mendez,Mendez (Mendez-Nu침ez),
Manukan,Mercedes,Mercedes,
Mapanas,Mercedes (ES),Mercedes,
Mapandan,Merida,Merida,
Mapun (Cagayan de Tawi-Tawi),Mexico,Mexico,
Marabut,Meycauayan,Meycauayan City,
Maragondon,Miag-ao,Miagao,
Maragusan (San Mariano),Midsalip,Midsalip,
Maramag,Midsayap,Midsayap,
Marantao,Milagros,Milagros,
Marcos,Milaor,Milaor,
Margosatubig,Mina,Mina,
Maria,Minalabac,Minalabac,
Maria Aurora,Minalin,Minalin,
Maribojoc,Minglanilla,Minglanilla,
Marihatag,Mlang,M'lang,
Marilao,Moalboal,Moalboal,
Maripipi,Mobo,Mobo,
Mariveles,Mogpog,Mogpog,
Marogong,Moises Padilla,Moises Padilla (Magallon),
Masantol,Molave,Molave,
Masinloc,Moncada,Moncada,
Masiu,Mondragon,Mondragon,
Maslog,Monkayo,Monkayo,
Mataas na Kahoy,Monreal,Monreal,
Matag-ob,Montevista,Montevista,
Matalam,Morong (BN),Morong,
Matalom,Morong (RL),Morong,
Matanao,Motiong,Motiong,
Matanog,Mulanay,Mu침oz City,
Matnog,Mulondo,Mulanay,
Matuguinao,Munai,Mulondo,
Matungao,Muntinlupa,Munai,
Mauban,Murcia,Murcia,
Mawab,Mutia,Mutia,
Mayantoc,Naawan,Naawan,
Maydolong,Nabas,Nabas,
Mayorga,Nabua,Nabua,
Mayoyao,Nabunturan,Nabunturan,
Medellin,Naga (CS),Naga,
Medina,Naga (CU),Naga City,
Mendez (Mendez-Nu吝z),Naga (ZS),Naga City,
Mercedes,Nagbukel,Nagbukel,
Mercedes,Nagcarlan,Nagcarlan,
Merida,Nagtipunan,Nagtipunan,
Mexico,Naguilian (IA),Naguilian,
Miagao,Naguilian (LU),Naguilian,
Midsalip,Naic,Naic,
Midsayap,Nampicuan,Nampicuan,
Milagros,Narra,Narra,
Milaor,Narvacan,Narvacan,
Mina,Nasipit,Nasipit,
Minalabac,Nasugbu,Nasugbu,
Minalin,Natividad,Natividad,
Minglanilla,Natonin,Natonin,
M'lang,Naujan,Naujan,
Moalboal,Naval,Naval,
Mobo,Navotas,,
Mogpog,New Bataan,New Bataan,
Moises Padilla (Magallon),New Corella,New Corella,
Molave,New Lucena,New Lucena,
Moncada,New Washington,New Washington,
Mondragon,Norala,Norala,
Monkayo,Northern Kabuntalan,Northern Kabuntalan,
Monreal,Norzagaray,Norzagaray,
Montevista,Noveleta,Noveleta,
Morong,Nueva Era,Nueva Era,
Morong,Nueva Valencia,Nueva Valencia,
Motiong,Numancia,Numancia,
Mulanay,Nunungan,Nunungan,
Mulondo,Oas,Oas,
Munai,Obando,Obando,
Murcia,Ocampo,Ocampo,
Mutia,Odiongan,Odiongan,
Naawan,Old Panamao,Old Panamao,
Nabas,Olongapo,Olutanga,
Nabua,Olutanga,Omar,
Nabunturan (Capital),Omar,Opol,
Naga,Opol,Orani,
Nagbukel,Orani,Oras,
Nagcarlan,Oras,Orion,
Nagtipunan,Orion,Ormoc City,
Naguilian,Ormoc,Oroquieta City,
Naguilian,Oroquieta,Oslob,
Naic,Oslob,Oton,
Nampicuan,Oton,Ozamiz City,
Narra,Ozamiz,Paco,
Narvacan,Padada,Padada,
Nasipit,Padre Burgos (QN),Padre Burgos,
Nasugbu,Padre Burgos (SL),Padre Burgos,
Natividad,Padre Garcia,Padre Garcia,
Natonin,Paete,Paete,
Naujan,Pagadian,Pagadian City,
Naval (Capital),Pagagawan,Pagagawan,
New Bataan,Pagalungan,Pagalungan,
New Corella,Pagayawan,Pagayawan (Tatarikan),
New Lucena,Pagbilao,Pagbilao,
New Washington,Paglat,Paglat,
Norala,Pagsanghan,Pagsanghan,
Northern Kabuntalan,Pagsanjan,Pagsanjan,
Norzagaray,Pagudpud,Pagudpud,
Noveleta,Pakil,Pakil,
Nueva Era,Palanan,Palanan,
Nueva Valencia,Palanas,Palanas,
Numancia,Palapag,Palapag,
Nunungan,Palauig,Palauig,
Oas,Palayan,Palayan City,
Obando,Palimbang,Palimbang,
Ocampo,Palo,Palo,
Odiongan,Palompon,Palompon,
Old Panamao,Paluan,Paluan,
Olutanga,Pambujan,Pambujan,
Omar,Pamplona (CG),Pamplona,
Opol,Pamplona (CS),Pamplona,
Orani,Pamplona (NR),Pamplona,
Oras,Panabo,Panabo City,
Orion,Panaon,Panaon,
Ormoc City,Panay,Panay,
Oslob,Pandag,Pandag,Pandacan
Oton,Pandami,Pandami,
Padada,Pandan (AE),Pandan,
Padre Burgos,Pandan (CT),Pandan,
Padre Burgos,Pandi,Pandi,
Padre Garcia,Panganiban,Panganiban,
Paete,Pangantucan,Pangantucan,
Pagagawan,Pangil,Pangil,
Pagalungan,Panglao,Panglao,
Pagayawan (Tatarikan),Panglima Estino,Panglima Estino (New Panamao),
Pagbilao,Panglima Sugala,Panglima Sugala (Balimbing),
Paglat,Pangutaran,Pangutaran,
Pagsanghan,Paniqui,Paniqui,
Pagsanjan,Panitan,Panitan,
Pagudpud,Pantabangan,Pantabangan,
Pakil,Pantao Ragat,Pantao Ragat,
Palanan,Pantar,Pantar,
Palanas,Pantukan,Pantukan,
Palapag,Panukulan,Panukulan,
Palauig,Paoay,Paoay,
Palimbang,Paombong,Paombong,
Palo,Paracale,Paracale,
Palompon,Paracelis,Paracelis,
Paluan,Paranaque,,
Pambujan,Paranas,Paranas (Wright),
Pamplona,Parang (MA),Parang,
Pamplona,Parang (SU),Parang,
Pamplona,Pasacao,Pasacao,
Panaon,Pasay,,
Panay,Pasig,,
Pandag,Pasil,Pasil,
Pandami,Passi,Passi City,
Pandan,Pastrana,Pastrana,
Pandan,Pasuquin,Pasuquin,
Pandi,Pata,Pata,
Panganiban (Payo),Pateros,Patikul,
Pangantucan,Patikul,Patnanungan,
Pangil,Patnanungan,Patnongon,
Panglao,Patnongon,Pavia,
Panglima Estino (New Panamao),Pavia,Payao,
Panglima Sugala (Balimbing),Payao,Pe침ablanca,
Pangutaran,Penablanca,Pe침aranda,
Paniqui,Penaranda,Pe침arrubia,
Panitan,Penarrubia,Perez,
Pantabangan,Perez,Pi침an,
Pantao Ragat,Piagapo,Piagapo,
Pantar,Piat,Piat,
Pantukan,Picong,Picong (Sultan Gumander),
Panukulan,Piddig,Piddig,
Paoay,Pidigan,Pidigan,
Paombong,Pigcawayan,Pigkawayan,
Paracale,Pikit,Pikit,
Paracelis,Pila,Pila,
Paranas (Wright),Pilar (AA),Pilar,
Parang,Pilar (BL),Pilar,
Parang,Pilar (BN),Pilar,
Pasacao,Pilar (CU),Pilar,
Pasay City,Pilar (CZ),Pilar,
Pasil,Pilar (SN),Pilar,
Pastrana,Pilar (SO),Pilar,
Pasuquin,Pili,Pili,
Pata,Pililla,Pililla,
Pateros,Pinabacdao,Pinabacdao,
Patikul,Pinamalayan,Pinamalayan,
Patnanungan,Pinamungajan,Pinamungajan,
Patnongon,Pinan,,
Pavia,Pinili,Pinili,
Payao,Pintuyan,Pintuyan,
Pe人blanca,Pinukpuk,Pinukpuk,
Pe人randa,Pio Duran,Pio Duran,
Pe人rrubia,Pio V Corpuz,Pio V. Corpuz,
Perez,Pitogo (QN),Pitogo,
Piagapo,Pitogo (ZR),Pitogo,
Piat,Placer (MS),Placer,
Picong (Sultan Gumander),Placer (SN),Placer,
Piddig,Plaridel (BU),Plaridel,
Pidigan,Plaridel (MC),Plaridel,
Pigkawayan,Plaridel (QN),Plaridel,
Pikit,Pola,Pola,
Pila,Polanco,Polanco,
Pilar,Polangui,Polangui,
Pilar,Polillo,Polillo,
Pilar,Polomolok,Polomolok,
Pilar,Pontevedra (CZ),Pontevedra,
Pilar,Pontevedra (NO),Pontevedra,
Pilar,Poona Bayabao,Poona Bayabao (Gata),
Pilar,Poona Piagapo,Poona Piagapo,
Pili (Capital),Porac,Porac,
Pililla,Poro,Poro,
Pinabacdao,Pototan,Port Area,
Pinamalayan,Pozorrubio,Pototan,
Pinamungajan,Presentacion,Pozorrubio,
Pi人n (New Pi人n),President Garcia,Pres. Carlos P. Garcia,
Pinili,President Quirino,Pres. Manuel A. Roxas,
Pintuyan,President Roxas (CZ),Presentacion,
Pinukpuk,President Roxas (NC),President Quirino,
Pio Duran,Prieto Diaz,President Roxas,
Pio V. Corpuz (Limbuhan),Prosperidad,President Roxas,
Pitogo,Pualas,Prieto Diaz,
Pitogo,Pudtol,Prosperidad,
Placer,Puerto Galera,Pualas,
Placer,Puerto Princesa,Pudtol,
Plaridel,Pugo,Puerto Galera,
Plaridel,Pulilan,Pugo,
Plaridel,Pulupandan,Pulilan,
Pola,Pura,Pulupandan,
Polanco,Quezon (BK),Pura,
Polangui,Quezon (IA),Quezon,
Polillo,Quezon (MM),Quezon,
Polomolok,Quezon (NE),Quezon,
Pontevedra,Quezon (NV),Quezon,
Pontevedra,Quezon (PN),Quezon,
Poona Bayabao (Gata),Quezon (QN),Quezon,
Poona Piagapo,Quinapondan,Quiapo,
Porac,Quirino (IA),Quinapondan,
Poro,Quirino (IS),Quirino,
Pototan,R.T. Lim,Quirino,
Pozorrubio,Ragay,Ragay,
Pres. Carlos P. Garcia (Pitogo),Rajah Buayan,Rajah Buayan,
Pres. Manuel A. Roxas,Ramon,Ramon,
Presentacion (Parubcan),Ramon Magsaysay,Ramon Magsaysay,
President Quirino,Ramos,Ramos,
President Roxas,Rapu-Rapu,Rapu-Rapu,
President Roxas,Real,Real,
Prieto Diaz,Reina Mercedes,Reina Mercedes,
Prosperidad (Capital),Remedios T. Romualdez,Remedios T. Romualdez,
Pualas,Rizal (CG),Rizal,
Pudtol,Rizal (KA),Rizal,
Puerto Galera,Rizal (LA),Rizal,
Pugo,Rizal (NE),Rizal,
Pulilan,Rizal (OM),Rizal,
Pulupandan,Rizal (PN),Rizal,
Pura,Rizal (ZN),Rizal (Liwan),
Quezon,Rodriguez,Rodriguez (Montalban),
Quezon,Romblon,Romblon,
Quezon,Ronda,Ronda,
Quezon,Rosales,Rosales,
Quezon,Rosario (AS),Rosario,
Quezon,Rosario (BS),Rosario,
Quezon City,Rosario (CE),Rosario,
Quinapondan,Rosario (LU),Rosario,
Quirino,Rosario (NS),Rosario,
Quirino (Angkaki),Roxas (CZ),Roseller Lim,
Ragay,Roxas (IA),Roxas,
Rajah Buayan,Roxas (OR),Roxas,
Ramon,Roxas (PN),Roxas,
Ramon Magsaysay (Liargo),Roxas (ZN),Roxas City,
Ramos,Sabangan,Sabangan,
Rapu-Rapu,Sablan,Sablan,
Real,Sablayan,Sablayan,
Reina Mercedes,Sabtang,Sabtang,
Remedios T. Romualdez,Sadanga,Sadanga,
Rizal,Sagada,Sag침ay,
Rizal,Sagay (CM),Sagada,
Rizal,Sagay (NO),Sagay,
Rizal,Sagbayan,Sagay City,
Rizal,Sagnay,Sagbayan,
Rizal (Liwan),Saguday,Saguday,
Rizal (Marcos),Saguiaran,Saguiaran,
Rodriguez (Montalban),Saint Bernard,Saint Bernard,
Romblon (Capital),Salay,Salay,
Ronda,Salcedo (ES),Salcedo,
Rosales,Salcedo (IS),Salcedo,
Rosario,Sallapadan,Sallapadan,
Rosario,Salug,Salug,
Rosario,Salvador,Salvador,
Rosario,Salvador Benedicto,Salvador Benedicto,
Rosario,Samal,Samal,
Roseller Lim,Samboan,Samboan,
Roxas,Sampaloc,Sampaloc,
Roxas,San Agustin (IA),Sampaloc,
Roxas,San Agustin (RN),San Agustin,
Sabangan,San Agustin (SS),San Agustin,
Sablan,San Andres (CT),San Agustin,
Sablayan,San Andres (QN),San Andres,
Sabtang,San Andres (RN),San Andres,
Sadanga,San Antonio (NE),San Andres,
Sagada,San Antonio (NS),San Antonio,
Sagay,San Antonio (QN),San Antonio,
Sagbayan (Borja),San Antonio (ZA),San Antonio,
Sag人y,San Benito,San Antonio,
Saguday,San Carlos (NO),San Benito,
Saguiaran,San Carlos (PS),San Carlos City,
Saint Bernard,San Clemente,San Carlos City,
Salay,San Dionisio,San Clemente,
Salcedo,San Emilio,San Dionisio,
Salcedo (Baugen),San Enrique (IO),San Emilio,
Sallapadan,San Enrique (NO),San Enrique,
Salug,San Esteban,San Enrique,
Salvador,San Fabian,San Esteban,
Salvador Benedicto,San Felipe,San Fabian,
Samal,San Fernando (BK),San Felipe,
Samboan,San Fernando (CS),San Fernando,
Sampaloc,San Fernando (CU),San Fernando,
San Agustin,San Fernando (LU),San Fernando,
San Agustin,San Fernando (MS),San Fernando,
San Agustin,San Fernando (PA),San Fernando,
San Andres,San Fernando (RN),San Fernando City,
San Andres,San Francisco (AS),San Fernando City,
San Andres (Calolbon),San Francisco (CU),San Francisco,
San Antonio,San Francisco (QN),San Francisco,
San Antonio,San Francisco (SL),San Francisco,
San Antonio,San Francisco (SN),San Francisco (Anao-Aon),
San Antonio,San Gabriel,San Francisco (Aurora),
San Benito,San Guillermo,San Gabriel,
San Clemente,San Ildefonso (BU),San Guillermo,
San Dionisio,San Ildefonso (IS),San Idelfonso,
San Emilio,San Isidro (AA),San Ildefonso,
San Enrique,San Isidro (BL),San Isidro,
San Enrique,San Isidro (DN),San Isidro,
San Esteban,San Isidro (DO),San Isidro,
San Fabian,San Isidro (IA),San Isidro,
San Felipe,San Isidro (LE),San Isidro,
San Fernando,San Isidro (NE),San Isidro,
San Fernando,San Isidro (NS),San Isidro,
San Fernando,San Isidro (SN),San Isidro,
San Fernando,San Jacinto (MS),San Isidro,
San Fernando,San Jacinto (PS),San Jacinto,
San Francisco,San Joaquin,San Jacinto,
San Francisco,San Jorge,San Joaquin,
San Francisco,San Jose (AE),San Jorge,
San Francisco (Anao-Aon),San Jose (BS),San Jose,
San Francisco (Aurora),San Jose (CS),San Jose,
San Gabriel,San Jose (DI),San Jose,
San Guillermo,San Jose (NE),San Jose,
San Ildefonso,San Jose (NR),San Jose,
San Ildefonso,San Jose (NS),San Jose,
San Isidro,San Jose (OM),San Jose,
San Isidro,San Jose (RN),San Jose,
San Isidro,San Jose (TC),San Jose,
San Isidro,San Jose De Buan,San Jose City,
San Isidro,San Jose Del Monte,San Jose de Buan,
San Isidro,San Juan (AA),San Jose Del Monte City,
San Isidro,San Juan (BS),San Juan,
San Isidro,San Juan (IS),San Juan,
San Isidro,San Juan (LU),San Juan,
San Jacinto,San Juan (MM),San Juan,
San Jacinto,San Juan (SL),San Juan,
San Joaquin,San Juan (SR),San Juan (Cabalian),
San Jorge,San Julian,San Julian,
San Jose,San Leonardo,San Leonardo,
San Jose,San Lorenzo,San Lorenzo,
San Jose,San Lorenzo Ruiz,San Lorenzo Ruiz,
San Jose,San Luis (AS),San Luis,
San Jose,San Luis (AU),San Luis,
San Jose,San Luis (BS),San Luis,
San Jose,San Luis (PA),San Luis,
San Jose (Capital),San Manuel (IA),San Manuel,
San Jose (Capital),San Manuel (PS),San Manuel,
San Jose City,San Manuel (TC),San Manuel,
San Jose de Buan,San Marcelino,San Marcelino,
San Juan,San Mariano,San Mariano,
San Juan,San Mateo (IA),San Mateo,
San Juan,San Mateo (RL),San Mateo,
San Juan,San Miguel (BL),San Miguel,
San Juan (Cabalian),San Miguel (BU),San Miguel,
San Juan (Lapog),San Miguel (CT),San Miguel,
San Julian,San Miguel (IO),San Miguel,
San Leonardo,San Miguel (LE),San Miguel,
San Lorenzo,San Miguel (SS),San Miguel,
San Lorenzo Ruiz (Imelda),San Miguel (ZR),San Miguel,
San Luis,San Narciso (QN),San Narciso,San Miguel
San Luis,San Narciso (ZA),San Narciso,
San Luis,San Nicolas (BS),San Nicolas,
San Luis,San Nicolas (IN),San Nicolas,
San Manuel,San Nicolas (PS),San Nicolas,
San Manuel,San Pablo (IA),San Pablo,San Nicolas
San Manuel,San Pablo (LA),San Pablo,
San Marcelino,San Pablo (ZR),San Pablo City,
San Mariano,San Pascual (BS),San Pascual,
San Mateo,San Pascual (MS),San Pascual,
San Mateo,San Pedro,San Pedro City,
San Miguel,San Policarpo,San Policarpo,
San Miguel,San Quintin (AA),San Quintin,
San Miguel,San Quintin (PS),San Quintin,
San Miguel,San Rafael (BU),San Rafael,
San Miguel,San Rafael (IO),San Rafael,
San Miguel,San Remigio (AE),San Remigio,
San Miguel,San Remigio (CU),San Remigio,
San Narciso,San Ricardo,San Ricardo,
San Narciso,San Roque,San Roque,
San Nicolas,San Sebastian,San Sebastian,
San Nicolas,San Simon,San Simon,
San Nicolas,San Teodoro,San Teodoro,
San Pablo,San Vicente (CN),San Vicente,
San Pablo,San Vicente (IS),San Vicente,
San Pascual,San Vicente (NS),San Vicente,
San Pascual,San Vicente (PN),San Vicente,
San Policarpo,Sanchez-Mira,Sanchez-Mira,
San Quintin,Santa,Santa,
San Quintin,Santa Ana (CG),Santa Ana,
San Rafael,Santa Ana (PA),Santa Ana,
San Rafael,Santa Barbara (IO),Santa Barbara,Santa Ana
San Remigio,Santa Barbara (PS),Santa Barbara,
San Remigio,Santa Catalina (IS),Santa Catalina,
San Ricardo,Santa Catalina (NR),Santa Catalina,
San Roque,Santa Cruz (DS),Santa Cruz,
San Sebastian,Santa Cruz (IS),Santa Cruz,
San Simon,Santa Cruz (LA),Santa Cruz,
San Teodoro,Santa Cruz (ME),Santa Cruz,
San Vicente,Santa Cruz (OM),Santa Cruz,
San Vicente,Santa Cruz (ZA),Santa Cruz,
San Vicente,Santa Elena,Santa Elena,Santa Cruz
San Vicente,Santa Fe (CU),Santa Fe,
Sanchez-Mira,Santa Fe (LE),Santa Fe,
Santa,Santa Fe (NV),Santa Fe,
Santa Ana,Santa Fe (RN),Santa Fe,
Santa Ana,Santa Ignacia,Santa Ignacia,
Santa Barbara,Santa Josefa,Santa Josefa,
Santa Barbara,Santa Lucia,Santa Lucia,
Santa Catalina,Santa Magdalena,Santa Magdalena,
Santa Catalina,Santa Marcela,Santa Marcela,
Santa Cruz,Santa Margarita,Santa Margarita,
Santa Cruz,Santa Maria (BU),Santa Maria,
Santa Cruz,Santa Maria (DS),Santa Maria,
Santa Cruz,Santa Maria (IA),Santa Maria,
Santa Cruz,Santa Maria (Imelda),Santa Maria,
Santa Cruz (Capital),Santa Maria (IS),Santa Maria,
Santa Elena,Santa Maria (LA),Santa Maria,
Santa Fe,Santa Maria (PS),Santa Maria,
Santa Fe,Santa Monica,Santa Monica (Sapao),
Santa Fe,Santa Praxedes,Santa Praxedes,
Santa Fe,Santa Rita (PA),Santa Rita,
Santa Ignacia,Santa Rita (WS),Santa Rita,
Santa Josefa,Santa Rosa (LA),Santa Rosa,
Santa Lucia,Santa Rosa (NE),Santa Rosa City,
Santa Magdalena,Santa Teresita (BS),Santa Teresita,
Santa Marcela,Santa Teresita (CG),Santa Teresita,
Santa Margarita,Santander,Santander,
Santa Maria,Santiago (AN),Santiago,
Santa Maria,Santiago (IA),Santiago,
Santa Maria,Santiago (IS),Santiago City,
Santa Maria,Santo Domingo (AY),Santo Domingo,
Santa Maria,Santo Domingo (IS),Santo Domingo,
Santa Maria,Santo Domingo (NE),Santo Domingo,
Santa Maria (Imelda),Santo Nino (CG),Santo Ni침o,
Santa Monica (Sapao),Santo Nino (SC),Santo Ni침o,
Santa Praxedes,Santo Nino (WS),Santo Ni침o,
Santa Rita,Santo Tomas (BS),Santo Tomas,
Santa Rita,Santo Tomas (DN),Santo Tomas,
Santa Rosa,Santo Tomas (IA),Santo Tomas,
Santa Teresita,Santo Tomas (LU),Santo Tomas,
Santa Teresita,Santo Tomas (PA),Santo Tomas,
Santander,Santo Tomas (PS),Santo Tomas,
Santiago,Santol,Santol,
Santiago,Sapad,Sapad,
Santo Domingo,Sapang Dalaga,Sapang Dalaga,
Santo Domingo,Sapa-Sapa,Sapa-Sapa,
Santo Domingo (Libog),Sapi-An,Sapi-An,
Santo Ni絪,Sara,Sara,
Santo Ni絪,Sarangani,Sarangani,
Santo Ni絪 (Faire),Sariaya,Sariaya,
Santo Tomas,Sarrat,Sarrat,
Santo Tomas,Sasmuan,Sasmuan,
Santo Tomas,Science City of Munoz,,
Santo Tomas,Sebaste,Sebaste,
Santo Tomas,Senator Ninoy Aquino,Sen. Ninoy Aquino,
Santol,Sergio Osmena,Sergio Osme침a Sr.,
Sapad,Sevilla,Sevilla,
Sapang Dalaga,Shariff Aguak,Shariff Aguak (Maganoy),
Sapa-sapa,Shariff Saydona Mustapha,Shariff Saydona Mustapha,
Sapi-an,Siasi,Siasi,
Sara,Siaton,Siaton,
Sarangani,Siay,Siay,
Sariaya,Siayan,Siayan,
Sarrat,Sibagat,Sibagat,
Sasmuan (Sexmoan),Sibalom,Sibalom,
Science City of Mu絪z,Sibonga,Sibonga,
Sebaste,Sibuco,Sibuco,
Sen. Ninoy Aquino,Sibulan,Sibulan,
Sergio Osme人 Sr.,Sibunag,Sibunag,
Sevilla,Sibutad,Sibutad,
Shariff Aguak (Maganoy) (Capital),Sibutu,Sibutu,
Shariff Saydona Mustapha,Sierra Bullones,Sierra Bullones,
Siasi,Sigay,Sigay,
Siaton,Sigma,Sigma,
Siay,Sikatuna,Sikatuna,
Siayan,Silago,Silago,
Sibagat,Silang,Silang,
Sibalom,Silay,Silay City,
Sibonga,Silvino Lobos,Silvino Lobos,
Sibuco,Simunul,Simunul,
Sibulan,Sinacaban,Sinacaban,
Sibunag,Sinait,Sinait,
Sibutad,Sindangan,Sindangan,
Sibutu,Siniloan,Siniloan,
Sierra Bullones,Siocon,Siocon,
Sigay,Sipalay,Sipalay City,
Sigma,Sipocot,Sipocot,
Sikatuna,Siquijor,Siquijor,
Silago,Sirawai,Sirawai,
Silang,Siruma,Siruma,
Silvino Lobos,Sison (PS),Sison,
Simunul,Sison (SN),Sison,
Sinacaban,Sitangkai,Sitangkai,
Sinait,Socorro (OR),Socorro,
Sindangan,Socorro (SN),Socorro,
Siniloan,Sofronio Espanola,Sofronio Espa침ola,
Siocon,Sogod (CU),Sogod,
Sipocot,Sogod (SL),Sogod,
Siquijor (Capital),Solana,Solana,
Sirawai,Solano,Solano,
Siruma,Solsona,Solsona,
Sison,Sominot,Sominot,
Sison,Sorsogon,Sorsogon City,
Sitangkai,South Ubian,South Ubian,
Socorro,South Upi,South Upi,
Socorro,Sual,Sual,
Sofronio Espa絪la,Subic,Subic,
Sogod,Sudipen,Sudipen,
Sogod,Sugbongcogon,Sugbongcogon,
Solana,Sugpon,Sugpon,
Solano,Sulat,Sulat,
Solsona,Sulop,Sulop,
Sominot (Don Mariano Marcos),Sultan Dumalondong,Sultan Dumalondong,
South Ubian,Sultan Kudarat,Sultan Kudarat (Nuling),
South Upi,Sultan Mastura,Sultan Mastura,
Sual,Sultan Naga Dimaporo,Sultan Naga Dimaporo,
Subic,Sultan Sa Barongis,Sultan Sa Barongis (Lambayong),
Sudipen,Sumilao,Sumilao,
Sugbongcogon,Sumisip,Sumisip,
Sugpon,Surallah,Surallah,
Sulat,Surigao,Surigao City,
Sulop,Suyo,Suyo,
Sultan Dumalondong,Taal,Taal,
Sultan Kudarat (Nuling),Tabaco,Tabaco City,
Sultan Mastura,Tabango,Tabango,
Sultan Naga Dimaporo (Karomatan),Tabina,Tabina,
Sultan sa Barongis (Lambayong),Tabogon,Tabogon,
Sumilao,Tabontabon,Tabontabon,
Sumisip,Tabuan-Lasa,Tabuan-Lasa,
Surallah,Tabuelan,Tabuelan,
Suyo,Tabuk,Tabuk City,
Taal,Tacloban,,
Tabango,Tacurong,Tacurong City,
Tabina,Tadian,Tadian,
Tabogon,Taft,Taft,
Tabontabon,Tagana-An,Tagana-an,
Tabuan-Lasa,Tagapul-An,Tagapul-an,
Tabuelan,Tagaytay,Tagaytay City,
Tadian,Tagbilaran,Tagbilaran City,
Taft,Tagbina,Tagbina,
Tagana-an,Tagkawayan,Tagkawayan,
Tagapul-an,Tago,Tago,
Tagbina,Tagoloan (LN),Tagoloan,
Tagkawayan,Tagoloan (MO),Tagoloan,
Tago,Tagoloan Ii,Tagoloan II,
Tagoloan,Tagudin,Tagudin,
Tagoloan,Taguig,,
Tagoloan II,Tagum,Tagum City,
Tagudin,Talacogon,Talacogon,
Talacogon,Talaingod,Talaingod,
Talaingod,Talakag,Talakag,
Talakag,Talalora,Talalora,
Talalora,Talavera,Talavera,
Talavera,Talayan,Talayan,
Talayan,Talibon,Talibon,
Talibon,Talipao,Talipao,
Talipao,Talisay  (CU),Talisay,
Talisay,Talisay (BS),Talisay,
Talisay,Talisay (CN),Talisay City,
Talisayan,Talisay (NO),Talisay City,
Talitay,Talisayan,Talisayan,
Talugtug,Talitay,Talitay,
Talusan,Talugtug,Talugtug,
Tambulig,Talusan,Talusan,
Tampakan,Tambulig,Tambulig,
Tamparan,Tampakan,Tampakan,
Tampilisan,Tamparan,Tamparan,
Tanauan,Tampilisan,Tampilisan,
Tanay,Tanauan (BS),Tanauan,
Tandubas,Tanauan (LE),Tanauan City,
Tangalan,Tanay,Tanay,
Tangcal,Tandag,Tandag City,
Tantangan,Tandubas,Tandubas,
Tanudan,Tangalan,Tangalan,
Tanza,Tangcal,Tangcal,
Tapaz,Tangub,Tangub City,
Tapul,Tanjay,Tanjay City,
Taraka,Tantangan,Tantangan,
Tarangnan,Tanudan,Tanudan,
Tarragona,Tanza,Tanza,
Tayasan,Tapaz,Tapaz,
Taysan,Tapul,Tapul,
Taytay,Taraka,Taraka,
Taytay,Tarangnan,Tarangnan,
Tayug,Tarlac,Tarlac City,
Tayum,Tarragona,Tarragona,
T'boli,Tayabas,Tayabas City,
Teresa,Tayasan,Tayasan,
Ternate,Taysan,Taysan,
Tiaong,Taytay (PN),Taytay,
Tibiao,Taytay (RL),Taytay,
Tigaon,Tayug,Tayug,
Tigbao,Tayum,Tayum,
Tigbauan,T'Boli,T'boli,
Tinambac,Teresa,Teresa,
Tineg,Ternate,Ternate,
Tinglayan,Tiaong,Tiaong,
Tingloy,Tibiao,Tibiao,
Tinoc,Tigaon,Tigaon,
Tipo-tipo,Tigbao,Tigbao,
Titay,Tigbauan,Tigbauan,
Tiwi,Tinambac,Tinambac,
Tobias Fornier (Dao),Tineg,Tineg,
Toboso,Tinglayan,Tinglayan,
Tolosa,Tingloy,Tingloy,
Tomas Oppus,Tinoc,Tinoc,
Tongkil,Tipo-Tipo,Tipo-Tipo,
Torrijos,Titay,Titay,
Trento,Tiwi,Tiwi,
Trinidad,Tobias Fornier,Tobias Fornier,
Tuao,Toboso,Toboso,
Tuba,Toledo,Toledo City,
Tubajon,Tolosa,Tolosa,
Tubao,Tomas Oppus,Tomas Oppus,
Tubaran,Tongkil,Tongkil,Tondo
Tubay,Torrijos,Torrijos,
Tubigon,Trece Martires,Trece Martires City,
Tublay,Trento,Trento,
Tubo,Trinidad,Trinidad,
Tubod,Tuao,Tuao,
Tubod (Capital),Tuba,Tuba,
Tubungan,Tubajon,Tubajon,
Tuburan,Tubao,Tubao,
Tuburan,Tubaran,Tubaran,
Tudela,Tubay,Tubay,
Tudela,Tubigon,Tubigon,
Tugaya,Tublay,Tublay,
Tuguegarao City (Capital),Tubo,Tubo,
Tukuran,Tubod (LN),Tubod,
Tulunan,Tubod (SN),Tubod,
Tumauini,Tubungan,Tubungan,
Tunga,Tuburan (BA),Tuburan,
Tungawan,Tuburan (CU),Tuburan,
Tupi,Tudela (CU),Tudela,
Turtle Islands,Tudela (MC),Tudela,
Tuy,Tugaya,Tugaya,
Ubay,Tuguegarao,Tuguegarao City,
Umingan,Tukuran,Tukuran,
Ungkaya Pukan,Tulunan,Tulunan,
Unisan,Tumauini,Tumauini,
Upi,Tunga,Tunga,
Urbiztondo,Tungawan,Tungawan,
Uson,Tupi,Tupi,
Uyugan,Turtle Islands,Turtle Islands,
Valderrama,Tuy,Tuy,
Valencia,Ubay,Ubay,
Valencia (Luzurriaga),Umingan,Umingan,
Valladolid,Ungkaya Pukan,Ungkaya Pukan,
Vallehermoso,Unisan,Unisan,
Veruela,Upi,Upi,
Victoria,Urbiztondo,Urbiztondo,
Victoria,Urdaneta,Urdaneta City,
Victoria,Uson,Uson,
Victoria,Uyugan,Uyugan,
Viga,Valderrama,Valderrama,
Villaba,Valencia (BK),Valencia,
Villanueva,Valencia (BL),Valencia,
Villareal,Valencia (NR),Valencia City,
Villasis,Valenzuela,,
Villaverde,Valladolid,Valladolid,
Villaviciosa,Vallehermoso,Vallehermoso,
Vincenzo A. Sagun,Veruela,Veruela,
Vintar,Victoria (LA),Victoria,
Vinzons,Victoria (NS),Victoria,
Virac (Capital),Victoria (OR),Victoria,
Wao,Victoria (TC),Victoria,
Zamboanguita,Victorias,Victorias City,
Zaragoza,Viga,Viga,
Zarraga,Vigan,Vigan City,
Zumarraga,Villaba,Villaba,
,Villanueva,Villanueva,
,Villareal,Villareal,
,Villasis,Villasis,
,Villaverde,Villaverde,
,Villaviciosa,Villaviciosa,
,Vincenzo A Sagun,Vincenzo A. Sagun,
,Vintar,Vintar,
,Vinzons,Vinzons,
,Virac,Virac,
,Wao,Wao,
,Zamboanga,,
,Zamboanguita,Zamboanguita,
,Zaragoza,Zaragoza,
,Zarraga,Zarraga,
,Zumarraga,Zumarraga,
