,From .shp,,from poverty index,,,,
0,Aborlan,,Aborlan,13.33,,,
1,Abra De Ilog,,Abra de Ilog,20.46,,,
2,Abucay,,Abucay,5.3,,,
3,Abulug,,Abulug,14.79,,,
4,Abuyog,,Abuyog,28.17,,,
5,Adams,,Adams,5.62,,,
6,Agdangan,,Agdangan,14,,,
7,Aglipay,,Aglipay,11.6,,,
8,Agno,,Agno,11.68,,,
9,Agoncillo,,Agoncillo,12.5,,,
10,Agoo,,Agoo,3.26,,,
11,Aguilar,,Aguilar,16.22,,,
12,Aguinaldo,,Aguinaldo,24.68,,,
13,Agutaya,,Agutaya,15.22,,,
14,Ajuy,,Ajuy,23.11,,,
15,Akbar,,Akbar,70.12,,,
16,Alabat,,Al-barka,73.56,,,
17,Alabel,,Alabat,15.45,,,
18,Alamada,,Alabel,29.2,,,
19,Alaminos (LA),,Alamada,44.3,,,
20,Alaminos (PS),,Alaminos,2.58,,,
21,Alang-Alang,,Alaminos City,7.75,,,
22,Al-Barka,,Alangalang,31.05,,,
23,Albuera,,Albuera,27.2,,,
24,Alburquerque,,Alburquerque,10.4,,,
25,Alcala (CG),,Alcala,12.24,,,
26,Alcala (PS),,Alcala,14.66,,,
27,Alcantara (CU),,Alcantara,21.15,,,
28,Alcantara (RN),,Alcantara,22.3,,,
29,Alcoy,,Alcoy,22.9,,,
30,Alegria (CU),,Alegria,23.2,,,
31,Alegria (SN),,Alegria,37.37,,,
32,Aleosan,,Aleosan,47.1,,,
33,Alfonso,,Alfonso,5.26,,,
34,Alfonso Castaneda,,Alfonso Castaneda,22.92,,,
35,Alfonso Lista,,Alfonso Lista (Potia),16.4,,,
36,Aliaga,,Aliaga,6.71,,,
37,Alicia (BL),,Alicia,27.6,,,
38,Alicia (IA),,Alicia,12.61,,,
39,Alicia (ZS),,Alicia,37.31,,,
40,Alilem,,Alilem,8.69,,,
41,Alimodian,,Alimodian,23.72,,,
42,Alitagtag,,Alitagtag,16,,,
43,Allacapan,,Allacapan,11.47,,,
44,Allen,,Allen,23.97,,,
45,Almagro,,Almagro,30.25,,,
46,Almeria,,Almeria,16.78,,,
47,Aloguinsan,,Aloguinsan,22.7,,,
48,Aloran,,Aloran,23.51,,,
49,Altavas,,Altavas,14.62,,,
50,Alubijid,,Alubijid,14.93,,,
51,Amadeo,,Amadeo,4.7,,,
52,Amai Manabilang,,Amai Manabilang,75.74,,,
53,Ambaguio,,Ambaguio,53.45,,,
54,Amlan,,Amlan,12.7,,,
55,Ampatuan,,Ampatuan,58.89,,,
56,Amulung,,Amulung,15.46,,,
57,Anahawan,,Anahawan,23.63,,,
58,Anao,,Anao,5.21,,,
59,Anda (BL),,Anda,12.4,,,
60,Anda (PS),,Anda,25.4,,,
61,Angadanan,,Angadanan,14.31,,,
62,Angat,,Angat,4.61,,,
63,Angeles,,,,,,
64,Angono,,Angono,4.07,,,
65,Anilao,,Anilao,22.61,,,
66,Anini-Y,,Anini-Y,18.76,,,
67,Antequera,,Antequera,15.6,,,
68,Antipas,,Antipas,28.6,,,
69,Antipolo,,Antipolo City,5.38,,,
70,Apalit,,Apalit,4.7,,,
71,Aparri,,Aparri,13.28,,,
72,Araceli,,Araceli,19.18,,,
73,Arakan,,Arakan,42.1,,,
74,Arayat,,Arayat,6.4,,,
75,Argao,,Argao,15.9,,,
76,Aringay,,Aringay,4.39,,,
77,Aritao,,Aritao,15.83,,,
78,Aroroy,,Aroroy,37.26,,,
79,Arteche,,Arteche,58.66,,,
80,Asingan,,Asingan,10.42,,,
81,Asipulo,,Asipulo,32.04,,,
82,Asturias,,Asturias,26,,,
83,Asuncion,,Asuncion (Saug),18.12,,,
84,Atimonan,,Atimonan,6.1,,,
85,Atok,,Atok,18.66,,,
86,Aurora (IA),,Aurora,11.23,,,
87,Aurora (ZR),,Aurora,29.8,,,
88,Ayungon,,Ayungon,30.5,,,
89,Baao,,Baao,26.2,,,
90,Babatngon,,Babatngon,33.12,,,
91,Bacacay,,Bacacay,31.51,,,
92,Bacarra,,Bacarra,3.43,,,
93,Baclayon,,Baclayon,11.2,,,
94,Bacnotan,,Bacnotan,1.46,,,
95,Baco,,Baco,16.82,,,
96,Bacolod (LN),,Bacolod,20.42,,,
97,Bacolod (NO),,,,,,
98,Bacolod-Kalawi,,Bacolod-Kalawi,66.62,,,
99,Bacolor,,Bacolor,3.63,,,
100,Bacong,,Bacong,13.9,,,
101,Bacoor,,Bacoor City,3.9,,,
102,Bacuag,,Bacuag,31.76,,,
103,Bacungan Leon B. Postigo,,Bacungan (Leon T. Postigo),55.77,,,
104,Badian,,Badian,26.5,,,
105,Badiangan,,Badiangan,15.96,,,
106,Badoc,,Badoc,5.67,,,
107,Bagabag,,Bagabag,8.68,,,
108,Bagac,,Bagac,6.07,,,
109,Bagamanoc,,Bagamanoc,22.71,,,
110,Baganga,,Baganga,36.35,,,
111,Baggao,,Baggao,13.47,,,
112,Bago,,Bago City,12.98,,,
113,Baguio,,,,,,
114,Bagulin,,Bagulin,5.5,,,
115,Bagumbayan,,Bagumbayan,33.1,,,
116,Bais,,Bais City,22.8,,,
117,Bakun,,Bakun,17.92,,,
118,Balabac,,Balabac,29.74,,,
119,Balabagan,,Balabagan,73.45,,,
120,Balagtas,,Balagtas,3.38,,,
121,Balamban,,Balamban,18.9,,,
122,Balanga,,Balanga City,3.39,,,
123,Balangiga,,Balangiga,50.07,,,
124,Balangkayan,,Balangkayan,50.42,,,
125,Balaoan,,Balaoan,3.2,,,
126,Balasan,,Balasan,20.74,,,
127,Balatan,,Balatan,38.39,,,
128,Balayan,,Balayan,10.41,,,
129,Balbalan,,Balbalan,15.95,,,
130,Baleno,,Baleno,33.05,,,
131,Baler,,Baler,7.34,,,
132,Balete (AK),,Balete,17.26,,,
133,Balete (BS),,Balete,12.66,,,
134,Baliangao,,Baliangao,26.76,,,
135,Baliguian,,Baliguian,52.55,,,
136,Balilihan,,Balilihan,20.5,,,
137,Balindong,,Balindong (Watu),67.37,,,
138,Balingasag,,Balingasag,20.15,,,
139,Balingoan,,Balingoan,18.47,,,
140,Baliwag,,Baliuag,3.98,,,
141,Ballesteros,,Ballesteros,13.03,,,
142,Baloi,,Baloi,29.12,,,
143,Balud,,Balud,31.72,,,
144,Balungao,,Balungao,9.49,,,
145,Bamban,,Bamban,10.3,,,
146,Bambang,,Bambang,8.23,,,
147,Banate,,Banate,18.8,,,
148,Banaue,,Banaue,19.22,,,
149,Banaybanay,,Banaybanay,26.05,,,
150,Banayoyo,,Banayoyo,6.05,,,
151,Banga (AK),,Banga,19.5,,,
152,Banga (SC),,Banga,10.61,,,
153,Bangar,,Bangar,3.83,,,
154,Bangued,,Bangued,8.89,,,
155,Bangui,,Bangui,4.74,,,
156,Bani,,Bani,10.58,,,
157,Banisilan,,Banisilan,43,,,
158,Banna,,Banna,6.13,,,
159,Bansalan,,Bansalan,17.29,,,
160,Bansud,,Bansud,16.2,,,
161,Bantay,,Bantay,3.18,,,
162,Bantayan Island,,Bantayan,23.5,,,
163,Banton,,Banton,16.71,,,
164,Baras (CT),,Baras,6.4,,,
165,Baras (RL),,Baras,25.67,,,
166,Barbaza,,Barbaza,19.88,,,
167,Barcelona,,Barcelona,28.35,,,
168,Barili,,Barili,23.5,,,
169,Barira,,Barira,65.66,,,
170,Barlig,,Barlig,14.43,,,
171,Barobo,,Barobo,33.17,,,
172,Barotac Nuevo,,Barotac Nuevo,15.66,,,
173,Barotac Viejo,,Barotac Viejo,19.5,,,
174,Baroy,,Baroy,17.11,,,
175,Barugo,,Barugo,26.48,,,
176,Basay,,Basay,29.1,,,
177,Basco,,Basco,7.01,,,
178,Basey,,Basey,26.87,,,
179,Basilisa,,Basilisa (Rizal),33.22,,,
180,Basista,,Basista,14.48,,,
181,Basud (CN),,Basud,22.37,,,
182,Batac,,Batac City,4.14,,,
183,Batad,,Batad,23.77,,,
184,Batan,,Batan,14.66,,,
185,Batangas,,Batangas City,8.55,,,
186,Bataraza,,Bataraza,15.29,,,
187,Bato (CS),,Bato,29.15,,,
188,Bato (CT),,Bato,30.85,,,
189,Bato (LE),,Bato,14.55,,,
190,Batuan (BL),,Batuan,23.3,,,
191,Batuan (MS),,Batuan,29.28,,,
192,Bauan,,Bauan,7.6,,,
193,Bauang,,Bauang,3.1,,,
194,Bauko,,Bauko,21.75,,,
195,Baungon,,Baungon,34.65,,,
196,Bautista,,Bautista,14.79,,,
197,Bay,,Bay,2.19,,,
198,Bayabas,,Bayabas,31.1,,,
199,Bayambang,,Bayambang,14.67,,,
200,Bayang,,Bayang,70.39,,,
201,Bayawan,,Bayawan City,29.5,,,
202,Baybay,,Baybay City,22.84,,,
203,Bayog,,Bayog,37.86,,,
204,Bayombong,,Bayombong,6.82,,,
205,Bayugan,,Bayugan City,31.5,,,
206,Belison,,Belizon,13.18,,,
207,Benito Soliven,,Benito Soliven,19.74,,,
208,Besao,,Besao,16.63,,,
209,Bien Unido,,Bien Unido,32,,,
210,Bilar,,Bilar,20.1,,,
211,Biliran,,Biliran,22.42,,,
212,Binalbagan,,Binalbagan,16.41,,,
213,Binalonan,,Binalonan,6.92,,,
214,Binangonan,,Binangonan,3.83,,,
215,Bindoy,,Bindoy,37.8,,,
216,Bingawan,,Bingawan,22.39,,,
217,Binidayan,,Binidayan,69.77,,,
218,Binmaley,,Binmaley,6.56,,,
219,Binuangan,,Binuangan,17.11,,Binondo,1.52
220,Biri,,Biri,41.78,,,
221,Bislig,,Bislig City,21.6,,,
222,Binan,,Biñan City,1.69,,,
223,Boac,,Boac,13.44,,,
224,Bobon,,Bobon,34.6,,,
225,Bocaue,,Bocaue,7.52,,,
226,Bogo,,Bogo City,13.1,,,
227,Bokod,,Bokod,9.88,,,
228,Bolinao,,Bolinao,16.28,,,
229,Boliney,,Boliney,32.97,,,
230,Boljoon,,Boljoon,23.3,,,
231,Bombon,,Bombon,23.78,,,
232,Bongabon,,Bongabon,5.47,,,
233,Bongabong,,Bongabong,16.5,,,
234,Bongao,,Bongao,17.29,,,
235,Bonifacio,,Bonifacio,34.96,,,
236,Bontoc (MP),,Bontoc,29.69,,,
237,Bontoc (SL),,Bontoc,10.01,,,
238,Borbon,,Borbon,20.7,,,
239,Borongan,,Borongan City,37.42,,,
240,Boston,,Boston,29.48,,,
241,Botolan,,Botolan,12.75,,,
242,Braulio E. Dujali,,Braulio E. Dujali,11.4,,,
243,Brooke's Point,,Brooke's Point,16.71,,,
244,Buadiposo-Buntong,,Buadiposo-Buntong,66.88,,,
245,Bubong,,Bubong,67.25,,,
246,Bucay,,Bucay,20.43,,,
247,Bucloc,,Bucloc,21.16,,,
248,Buenavista (AN),,Buenavista,32.6,,,
249,Buenavista (BL),,Buenavista,6.99,,,
250,Buenavista (GS),,Buenavista,19.65,,,
251,Buenavista (ME),,Buenavista,24.91,,,
252,Buenavista (QN),,Buenavista,24.77,,,
253,Bugallon,,Bugallon,15.28,,,
254,Bugasong,,Bugasong,19.93,,,
255,Buguey,,Buguey,15.28,,,
256,Buguias,,Buguias,9.44,,,
257,Buhi,,Buhi,29.82,,,
258,Bula,,Bula,25.05,,,
259,Bulakan,,Bulacan,4,,,
260,Bulalacao,,Bulalacao,23.93,,,
261,Bulan,,Bulan,29.49,,,
262,Buldon,,Buldon,66.8,,,
263,Buluan,,Buluan,63.91,,,
264,Bulusan,,Bulusan,28.97,,,
265,Bunawan,,Bunawan,30.33,,,
266,Burauen,,Burauen,27.79,,,
267,Burdeos,,Burdeos,21.96,,,
268,Burgos (IN),,Burgos,18.23,,,
269,Burgos (IS),,Burgos,4.35,,,
270,Burgos (IA),,Burgos,31.55,,,
271,Burgos (LU),,Burgos,4.03,,,
272,Burgos (PS),,Burgos,12.25,,,
273,Burgos (SN),,Burgos,6.48,,,
274,Buruanga,,Buruanga,16.41,,,
275,Bustos,,Bustos,4.31,,,
276,Busuanga,,Busuanga,17.42,,,
277,Butig,,Butig,80.72,,,
278,Butuan,,,,,,
279,Buug,,Buug,25.32,,,
280,Caba,,Caba,3.11,,,
281,Cabadbaran,,Cabadbaran City,19.04,,,
282,Cabagan,,Cabagan,14.68,,,
283,Cabanatuan,,Cabanatuan City,3.12,,,
284,Cabangan,,Cabangan,9.99,,,
285,Cabanglasan,,Cabanglasan,34.04,,,
286,Cabarroguis,,,,,,
287,Cabatuan (IO),,Cabatuan,11.02,,,
288,Cabatuan (IA),,Cabatuan,13.46,,,
289,Cabiao,,Cabiao,5.71,,,
290,Cabucgayan,,Cabucgayan,27.86,,,
291,Cabugao,,Cabugao,6.61,,,
292,Cabusao,,Cabusao,28.07,,,
293,Cabuyao,,Cabuyao City,1.52,,,
294,Cadiz,,Cadiz City,24.85,,,
295,Cagayancillo,,Cagayancillo,23.16,,,
296,Cagayan De Oro,,,,,,
297,Cagdianao,,Cagdianao,36.83,,,
298,Cagwait,,Cagwait,27.95,,,
299,Caibiran,,Caibiran,31.14,,,
300,Cainta,,Cainta,3.7,,,
301,Cajidiocan,,Cajidiocan,28.71,,,
302,Calabanga,,Calabanga,26.78,,,
303,Calaca,,Calaca,10.29,,,
304,Calamba (LA),,Calamba,24.01,,,
305,Calamba (MC),,Calamba City,1.87,,,
306,Calanasan,,Calanasan (Bayag),29.81,,,
307,Calanogas,,Calanogas,86.1,,,
308,Calapan,,Calapan City,7.15,,,
309,Calape,,Calape,17.4,,,
310,Calasiao,,Calasiao,7.82,,,
311,Calatagan,,Calatagan,11.71,,,
312,Calatrava (NO),,Calatrava,22.64,,,
313,Calatrava (RN),,Calatrava,33.96,,,
314,Calauag,,Calauag,9.77,,,
315,Calauan,,Calauan,4.04,,,
316,Calayan,,Calayan,42.19,,,
317,Calbayog,,Calbayog City,23.66,,,
318,Calbiga,,Calbiga,24.86,,,
319,Calinog,,Calinog,27.02,,,
320,Calintaan,,Calintaan,18.97,,,
321,Caloocan,,,,,,
322,Calubian,,Calubian,29.35,,,
323,Calumpit,,Calumpit,4.73,,,
324,Caluya,,Caluya,30.27,,,
325,Camalaniugan,,Camalaniugan,13.5,,,
326,Camalig,,Camalig,21.05,,,
327,Camaligan,,Camaligan,17.44,,,
328,Camiling,,Camiling,6.25,,,
329,Canaman,,Can-avid,52.2,,,
330,Can-Avid,,Canaman,13.93,,,
331,Candaba,,Candaba,6.99,,,
332,Candelaria (QN),,Candelaria,6.23,,,
333,Candelaria (ZA),,Candelaria,9.84,,,
334,Candijay,,Candijay,21.4,,,
335,Candon,,Candon City,5.6,,,
336,Candoni,,Candoni,24.78,,,
337,Canlaon,,Canlaon City,23.6,,,
338,Cantilan,,Cantilan,19.17,,,
339,Caoayan,,Caoayan,4.05,,,
340,Capalonga,,Capalonga,38.7,,,
341,Capas,,Capas,8.73,,,
342,Capoocan,,Capoocan,32.85,,,
343,Capul,,Capul,37.35,,,
344,Caraga,,Caraga,40.04,,,
345,Caramoan,,Caramoan,25.32,,,
346,Caramoran,,Caramoran,34.85,,,
347,Carasi,,Carasi,6.71,,,
348,Carcar,,Carcar City,13.8,,,
349,Cardona,,Cardona,4.73,,,
350,Carigara,,Carigara,25,,,
351,Carles,,Carles,35.79,,,
352,Carmen (AN),,Carmen,25,,,
353,Carmen (BL),,Carmen,27.33,,,
354,Carmen (CU),,Carmen,14.1,,,
355,Carmen (NC),,Carmen,39.3,,,
356,Carmen (DN),,Carmen,27.17,,,
357,Carmen (SS),,Carmen,14.17,,,
358,Carmona,,Carmona,4.01,,,
359,Carranglan,,Carranglan,7.68,,,
360,Carrascal,,Carrascal,23.03,,,
361,Casiguran (AU),,Casiguran,12.62,,,
362,Casiguran (SO),,Casiguran,30.58,,,
363,Castilla,,Castilla,35.39,,,
364,Castillejos,,Castillejos,7.04,,,
365,Cataingan,,Cataingan,23.42,,,
366,Catanauan,,Catanauan,11.34,,,
367,Catarman (CM),,Catarman,30.27,,,
368,Catarman (NS),,Catarman,26.57,,,
369,Catbalogan,,Catbalogan City,19,,,
370,Cateel,,Cateel,32.7,,,
371,Catigbian,,Catigbian,23,,,
372,Catmon,,Catmon,16.1,,,
373,Catubig,,Catubig,44.12,,,
374,Cauayan (IA),,Cauayan,27.26,,,
375,Cauayan (NO),,Cauayan City,12.62,,,
376,Cavinti,,Cavinti,2.66,,,
377,Cavite,,Cavite City,5.66,,,
378,Cawayan,,Cawayan,24.26,,,
379,Cebu,,,,,,
380,Cervantes,,Cervantes,11.19,,,
381,Clarin (BL),,Clarin,17.4,,,
382,Clarin (MC),,Clarin,22.51,,,
383,Claver,,Claver,32.33,,,
384,Claveria (CG),,Claveria,36.33,,,
385,Claveria (MS),,Claveria,22.1,,,
386,Claveria (MO),,Claveria,11.12,,,
387,Columbio,,Columbio,36.2,,,
388,Compostela (CU),,Compostela,12.4,,Cobarronguis,9.32
389,Compostela (DDO),,Compostela,25.25,,,
390,Concepcion (IO),,Concepcion,17.18,,,
391,Concepcion,,Concepcion,49.92,,,
392,Concepcion (RN),,Concepcion,29.2,,,
393,Concepcion (TC),,Concepcion,9.85,,,
394,Conner,,Conner,23.65,,,
395,Consolacion,,Consolacion,6.6,,,
396,Corcuera,,Corcuera,19.9,,,
397,Cordon,,Cordon,18.92,,,
398,Cordova,,Cordoba,9,,,
399,Corella,,Corella,10.1,,,
400,Coron,,Coron,17.06,,,
401,Cortes (BL),,Cortes,12.5,,,
402,Cortes (SS),,Cortes,28.37,,,
403,Cotabato,,,,,,
404,Cuartero,,Cuartero,6.39,,,
405,Cuenca,,Cuenca,11.65,,,
406,Culaba,,Culaba,28.75,,,
407,Culasi,,Culasi,22.58,,,
408,Culion,,Culion,15.77,,,
409,Currimao,,Currimao,4.3,,,
410,Cuyapo,,Cuyapo,5.9,,,
411,Cuyo,,Cuyo,11.38,,,
412,Daan Bantayan,,Daanbantayan,17.8,,,
413,Daet,,Daet,14.73,,,
414,Dagami,,Dagami,33.68,,,
415,Dagohoy,,Dagohoy,27.5,,,
416,Daguioman,,Daguioman,24.74,,,
417,Dagupan,,Dagupan City,9.19,,,
418,Dalaguete,,Dalaguete,25.2,,,
419,Damulog,,Damulog,35.44,,,
420,Danao (BL),,Danao,29.2,,,
421,Danao (CU),,Danao City,14.3,,,
422,Dangcagan,,Dangcagan,27.64,,,
423,Danglas,,Danglas,23.22,,,
424,Dao,,Dao,6.58,,,
425,Dapa,,Dapa,38.11,,,
426,Dapitan,,Dapitan City,27.12,,,
427,Daraga,,Daraga (Locsin),13.51,,,
428,Daram,,Daram,41.18,,,
429,Dasmarinas,,Dasmariñas City,5.34,,,
430,Dasol,,Dasol,13.14,,,
431,Datu Abdullah Sangki,,Datu Abdullah Sangki,67.14,,,
432,Datu Anggal Midtimbang,,Datu Anggal Midtimbang,69.48,,,
433,Datu Blah Sinsuat,,Datu Blah T. Sinsuat,70.44,,,
434,Datu Hoffer Ampatuan,,Datu Hoffer Ampatuan,70.31,,,
435,Datu Odin Sinsuat,,Datu Odin Sinsuat (Dinaig),48,,,
436,Datu Paglas,,Datu Paglas,65.06,,,
437,Datu Piang,,Datu Piang,52.11,,,
438,Datu Salibo,,Datu Salibo,59.31,,,
439,Datu Saudi-Ampatuan,,Datu Saudi-Ampatuan,62.3,,,
440,Datu Unsay,,Datu Unsay,67.6,,,
441,Dauin,,Dauin,17.5,,,
442,Dauis,,Dauis,10.8,,,
443,Davao,,,,,,
444,Del Carmen,,Del Carmen,35.52,,,
445,Delfin Albano,,Del Gallego,30.59,,,
446,Del Gallego,,Delfin Albano,16.95,,,
447,Diadi,,Diadi,14.33,,,
448,Diffun,,Diffun,10.64,,,
449,Digos,,Digos City,5.46,,,
450,Dilasag,,Dilasag,12.87,,,
451,Dimasalang,,Dimasalang,33.94,,,
452,Dimataling,,Dimataling,36.56,,,
453,Dimiao,,Dimiao,22.2,,,
454,Dinagat,,Dinagat,35.33,,,
455,Dinalungan,,Dinalungan,14.74,,,
456,Dinalupihan,,Dinalupihan,6.35,,,
457,Dinapigue,,Dinapigue,44.81,,,
458,Dinas,,Dinas,36.81,,,
459,Dingalan,,Dingalan,12.73,,,
460,Dingle,,Dingle,17.48,,,
461,Dingras,,Dingras,6.04,,,
462,Dipaculao,,Dipaculao,11.35,,,
463,Diplahan,,Diplahan,28.89,,,
464,Dipolog,,Dipolog City,17.93,,,
465,Ditsaan-Ramain,,Ditsaan-Ramain,72.98,,,
466,Divilacan,,Divilican,47.58,,,
467,Dolores (AA),,Dolores,15.69,,,
468,Dolores (ES),,Dolores,55.34,,,
469,Dolores (QN),,Dolores,6.34,,,
470,Don Carlos,,Don Carlos,27.06,,,
471,Don Marcelino,,Don Marcelino,37.89,,,
472,Donsol,,Don Victoriano Chiongbian,35.74,,,
473,Don Victoriano Chiongbian,,Donsol,37.1,,,
474,Dona Remedios Trinidad,,Doña Remedios Trinidad,11.43,,,
475,Duero,,Duero,21.6,,,
476,Duenas,,Dueñas,20.52,,,
477,Dulag,,Dulag,24.63,,,
478,Dumaguete,,Dumaguete City,3.2,,,
479,Dumalag,,Dumalag,4.14,,,
480,Dumalinao,,Dumalinao,32.81,,,
481,Dumalneg,,Dumalneg,7.18,,,
482,Dumangas,,Dumangas,14.14,,,
483,Dumanjug,,Dumanjug,22.3,,,
484,Dumaran,,Dumaran,15.52,,,
485,Dumarao,,Dumarao,8.19,,,
486,Dumingag,,Dumingag,39.76,,,
487,Dupax Del Norte,,Dupax del Norte,14.22,,,
488,Dupax Del Sur,,Dupax del Sur,15.98,,,
489,Echague,,Echague,14.99,,,
490,El Nido,,El Nido,16.32,,,
491,El Salvador,,El Salvador City,13.33,,,
492,Enrile,,Enrile,10.21,,,
493,E. B. Magalona,,Enrique B. Magalona,21.59,,,
494,Enrique Villanueva,,Enrique Villanueva,14.4,,,
495,Escalante,,Escalante City,25.31,,Ermita,2.86
496,Esperanza (AS),,Esperanza,31.68,,,
497,Esperanza (MS),,Esperanza,45.67,,,
498,Esperanza (SK),,Esperanza,27.5,,,
499,Estancia,,Estancia,22.79,,,
500,Famy,,Famy,2.78,,,
501,Ferrol,,Ferrol,20.25,,,
502,Flora,,Flora,17.79,,,
503,Floridablanca,,Floridablanca,2.92,,,
504,Gabaldon,,Gabaldon,7.13,,,
505,Gainza,,Gainza,26.08,,,
506,Galimuyod,,Galimuyod,6.91,,,
507,Gamay,,Gamay,33.45,,,
508,Gamu,,Gamu,15.25,,,
509,Ganassi,,Ganassi,74.2,,,
510,Gandara,,Gandara,31.33,,,
511,Gapan,,Gapan City,5.35,,,
512,Garchitorena,,Garchitorena,41.16,,,
513,Garcia-Hernandez,,Garcia Hernandez,17.6,,,
514,Gasan,,Gasan,15.65,,,
515,Gattaran,,Gattaran,16.68,,,
516,Gen. Emilio Aguinaldo,,Gen. Mariano Alvarez,6.36,,,
517,General Luna (QN),,Gen. S. K. Pendatun,73.75,,,
518,General Luna  (SN),,General Emilio Aguinaldo,13.06,,,
519,General Macarthur,,General Luna,40.67,,,
520,General Mamerto Natividad,,General Luna,18.36,,,
521,General Nakar,,General MacArthur,57.95,,,
522,General Santos,,General Mamerto Natividad,6.7,,,
523,General Tinio,,General Nakar,18.59,,,
524,General Trias,,General Tinio,5.1,,,
525,Gen. Mariano Alvarez,,General Trias City,3.75,,,
526,Gen S.K Pendatun,,,,,,
527,Gerona,,Gerona,6.13,,,
528,Getafe,,Getafe,33.9,,,
529,Gigaquit,,Gigaquit,39.23,,,
530,Gigmoto,,Gigmoto,27.13,,,
531,Ginatilan,,Ginatilan,19.8,,,
532,Gingoog,,Gingoog City,22.73,,,
533,Giporlos,,Giporlos,51.55,,,
534,Gitagum,,Gitagum,15.84,,,
535,Glan,,Glan,39.3,,,
536,Gloria,,Gloria,14.31,,,
537,Goa,,Goa,28.56,,,
538,Godod,,Godod,59.3,,,
539,Gonzaga,,Gonzaga,12.19,,,
540,Governor Generoso,,Governor Generoso,35.05,,,
541,Gregorio Del Pilar,,Gregorio del Pilar,9.73,,,
542,Guagua,,Guagua,3.59,,,
543,Gubat,,Gubat,26.38,,,
544,Guiguinto (BU),,Guiguinto,5.48,,,
545,Guihulngan,,Guihulngan City,31.7,,,
546,Guimba,,Guimba,4.3,,,
547,Guimbal,,Guimbal,11.46,,,
548,Guinayangan,,Guinayangan,17.04,,,
549,Guindulman,,Guindulman,23.2,,,
550,Guindulungan,,Guindulungan,70.61,,,
551,Guinobatan,,Guinobatan,25.61,,,
552,Guinsiliban,,Guinsiliban,30.36,,,
553,Guipos,,Guipos,31.63,,,
554,Guiuan,,Guiuan,43.35,,,
555,Gumaca,,Gumaca,7.7,,,
556,Gutalac,,Gutalac,59.66,,,
557,Hadji Mohammad Ajul,,Hadji Mohammad Ajul,81.63,,,
558,Hadji Muhtamad,,Hadji Muhtamad,75.18,,,
559,Hadji Panglima Tahil,,Hadji Panglima Tahil (Marunggas),78.45,,,
560,Hagonoy (BU),,Hagonoy,4.88,,,
561,Hagonoy (DS),,Hagonoy,14.13,,,
562,Hamtic,,Hamtic,18.45,,,
563,Hermosa,,Hermosa,8.99,,,
564,Hernani,,Hernani,49.66,,,
565,Hilongos,,Hilongos,26.05,,,
566,Himamaylan,,Himamaylan City,23.96,,,
567,Hinabangan,,Hinabangan,28.32,,,
568,Hinatuan,,Hinatuan,31.26,,,
569,Hindang,,Hindang,23.62,,,
570,Hingyon,,Hingyon,23.04,,,
571,Hinigaran,,Hinigaran,19.36,,,
572,Hinobaan,,Hinoba-An (Asia),24.63,,,
573,Hinunangan,,Hinunangan,25.21,,,
574,Hinundayan,,Hinundayan,23.16,,,
575,Hungduan,,Hungduan,21.22,,,
576,Iba,,Iba,6,,,
577,Ibaan,,Ibaan,9.27,,,
578,Ibajay,,Ibajay,13.92,,,
579,Igbaras,,Igbaras,25.45,,,
580,Iguig,,Iguig,11.12,,,
581,Ilagan,,Ilagan City,13.85,,,
582,Iligan,,,,,,
583,Ilog,,Ilog,16.89,,,
584,Iloilo,,,,,,
585,Imelda,,Imelda,29.28,,,
586,Impasug-Ong,,Impasug-ong,33.79,,,
587,Imus,,Imus City,2.71,,,
588,Inabanga,,Inabanga,25.4,,,
589,Indanan,,Indanan,69.79,,,
590,Indang,,Indang,4.04,,,
591,Infanta (PS),,Infanta,12.78,,,
592,Infanta (QN),,Infanta,7.57,,,
593,Initao,,Initao,17,,,
594,Inopacan,,Inopacan,26.15,,,
595,Ipil,,Intramuros,4.31,,,
596,Iriga,,Ipil,22.3,,,
597,Irosin,,Iriga City,13.62,,,
598,Isabel,,Irosin,32.64,,,
599,Isabela (BAS),,Isabel,17.83,,,
600,Isabela (NO),,Isabela,28,,,
601,Igacos,,Island Garden City of Samal,12.29,,,
602,Isulan,,Isulan,20.6,,,
603,Itbayat,,Itbayat,30.92,,,
604,Itogon,,Itogon,6.88,,,
605,Ivana,,Ivana,7,,,
606,Ivisan,,Ivisan,6.36,,,
607,Jabonga,,Jabonga,31.3,,,
608,Jaen,,Jaen,4.14,,,
609,Jagna,,Jagna,17.9,,,
610,Jalajala,,Jala-Jala,12.4,,,
611,Jamindan,,Jamindan,12.8,,,
612,Janiuay,,Janiuay,21.62,,,
613,Jaro,,Jaro,31.59,,,
614,Jasaan,,Jasaan,16.73,,,
615,Javier,,Javier (Bugho),30.7,,,
616,Jiabong,,Jiabong,25.65,,,
617,Jimalalud,,Jimalalud,33.3,,,
618,Jimenez,,Jimenez,20.42,,,
619,Jipapad,,Jipapad,65.46,,,
620,Jolo,,Jolo,58.94,,,
621,Jomalig,,Jomalig,25.77,,,
622,Jones,,Jones,13.34,,,
623,Jordan,,Jordan,10.33,,,
624,Jose Abad Santos,,Jose Abad Santos (Trinidad),47.15,,,
625,Jose Dalman,,Jose Dalman (Ponot),56.48,,,
626,Josefina,,Jose Panganiban,34.45,,,
627,Jose Panganiban,,Josefina,28.08,,,
628,Jovellar,,Jovellar,37.52,,,
629,Juban,,Juban,35.73,,,
630,Julita,,Julita,28.36,,,
631,Kabacan,,Kabacan,24.2,,,
632,Kabankalan,,Kabankalan City,28.57,,,
633,Kabasalan,,Kabasalan,30.09,,,
634,Kabayan,,Kabayan,19.14,,,
635,Kabugao,,Kabugao,35.34,,,
636,Kabuntalan,,Kabuntalan (Tumbao),68.51,,,
637,Kadingilan,,Kadingilan,33.64,,,
638,Kalamansig,,Kalamansig,42.2,,,
639,Kalawit,,Kalawit,56.47,,,
640,Kalayaan (LA),,Kalayaan,5.06,,,
641,Kalayaan (PN),,,,,,
642,Kalibo,,Kalibo,6.9,,,
643,Kalilangan,,Kalilangan,31.87,,,
644,Kalingalan Caluang,,Kalingalan Caluang,78.71,,,
645,Kananga,,Kananga,31.08,,,
646,Kapai,,Kapai,88.91,,,
647,Kapalong,,Kapalong,20.92,,,
648,Kapangan,,Kapangan,17.31,,,
649,Kapatagan (LN),,Kapatagan,85.23,,,
650,Kapatagan (LS),,Kapatagan,17.83,,,
651,Kasibu,,Kasibu,21.68,,,
652,Katipunan,,Katipunan,52.86,,,
653,Kauswagan,,Kauswagan,23.23,,,
654,Kawayan,,Kawayan,27.04,,,
655,Kawit,,Kawit,5.66,,,
656,Kayapa,,Kayapa,29.15,,,
657,Kiamba,,Kiamba,33.4,,,
658,Kiangan,,Kiangan,14.88,,,
659,Kibawe,,Kibawe,28.47,,,
660,Kiblawan,,Kiblawan,29.9,,,
661,Kibungan,,Kibungan,28.07,,,
662,Kidapawan,,Kidapawan City,14,,,
663,Kinoguitan,,Kinoguitan,17.12,,,
664,Kitaotao,,Kitaotao,35.63,,,
665,Kitcharao,,Kitcharao,23.89,,,
666,Kolambugan,,Kolambugan,18.57,,,
667,Koronadal,,Koronodal City,12.1,,,
668,Kumalarang,,Kumalarang,37.73,,,
669,Laak,,Laak (San Vicente),24.91,,,
670,Labangan,,Labangan,32.39,,,
671,Labason,,Labason,45.18,,,
672,Labo,,Labo,25.06,,,
673,Labrador,,Labrador,10.45,,,
674,La Carlota,,La Carlota City,12.36,,,
675,La Castellana,,La Castellana,26.98,,,
676,Lacub,,Lacub,37.66,,,
677,Lagangilang,,Lagangilang,19.39,,,
678,Lagawe,,Lagawe,12.21,,,
679,Lagayan,,Lagayan,32.89,,,
680,Lagonglong,,Lagonglong,18.91,,,
681,Lagonoy,,Lagonoy,30.08,,,
682,Laguindingan,,Laguindingan,15.16,,,
683,Lake Sebu,,Lake Sebu,49.3,,,
684,Lakewood,,Lakewood,39.14,,,
685,Lala,,Lala,18.54,,,
686,La Libertad (NR),,La Libertad,53.04,,,
687,La Libertad (ZN),,La Libertad,31.4,,,
688,Lallo,,Lal-lo,13.51,,,
689,Lambayong,,Lambayong,34.6,,,
690,Lambunao,,Lambunao,21.98,,,
691,Lamitan,,Lamitan City,52.71,,,
692,Lamut,,Lamut,11.68,,,
693,Langiden,,Langiden,24.02,,,
694,Languyan,,Languyan,17.02,,,
695,Lantapan,,Lantapan,33.9,,,
696,Lantawan,,Lantawan,64.68,,,
697,Lanuza,,Lanuza,29.49,,,
698,Laoac,,Laoac,11.16,,,
699,Laoag,,Laoag City,2.36,,,
700,Laoang,,Laoang,39.81,,,
701,La Paz (AA),,La Paz,50.09,,,
702,La Paz (AS),,La Paz,10.37,,,
703,La Paz (LE),,La Paz,31.63,,,
704,La Paz (TC),,La Paz,19.83,,,
705,Lapinig,,Lapinig,37.69,,,
706,Lapu Lapu,,,,,,
707,Lapuyan,,Lapuyan,40.99,,,
708,Larena,,Larena,9.5,,,
709,Lasam,,Lasam,14.29,,,
710,Las Navas,,Las Navas,50.09,,,
711,Las Nieves,,Las Nieves,37.24,,,
712,Las Pinas,,,,,,
713,La Trinidad,,La Trinidad,2.3,,,
714,Laua-An,,Laua-an,21.91,,,
715,Laur,,Laur,5.69,,,
716,Laurel,,Laurel,13.13,,,
717,Lavezares,,Lavezares,34.14,,,
718,Lawaan,,Lawaan,46.64,,,
719,Lazi,,Lazi,20.3,,,
720,Lebak,,Lebak,34.7,,,
721,Leganes,,Leganes,12.4,,,
722,Legazpi,,Legazpi City,13.78,,,
723,Lemery (BS),,Lemery,10.67,,,
724,Lemery (IO),,Lemery,19.78,,,
725,Leon,,Leon,22.06,,,
726,Leyte,,Leyte,36.93,,,
727,Lezo,,Lezo,9.88,,,
728,Lian,,Lian,10.71,,,
729,Lianga,,Lianga,30.04,,,
730,Libacao,,Libacao,25.67,,,
731,Libagon,,Libagon,28.12,,,
732,Libertad (AE),,Libertad,17.89,,,
733,Libertad (MO),,Libertad,19.71,,,
734,Libjo,,Libjo (Albor),38.5,,,
735,Libmanan,,Libmanan,29.53,,,
736,Libon,,Libon,37.37,,,
737,Libona,,Libona,27.73,,,
738,Libungan,,Libungan,25.2,,,
739,Licab,,Licab,7.65,,,
740,Licuan-Baay,,Licuan-Baay (Licuan),23.33,,,
741,Lidlidda,,Lidlidda,6.81,,,
742,Ligao,,Ligao City,23.07,,,
743,Lila,,Lila,17.9,,,
744,Liliw,,Liliw,2.06,,,
745,Liloan (CU),,Liloan,29.34,,,
746,Liloan (SL),,Liloan,7.2,,,
747,Liloy,,Liloy,44.44,,,
748,Limasawa,,Limasawa,22.48,,,
749,Limay,,Limay,7.2,,,
750,Linamon,,Linamon,20.52,,,
751,Linapacan,,Linapacan,21.81,,,
752,Lingayen,,Lingayen,8.58,,,
753,Lingig,,Lingig,36.32,,,
754,Lipa,,Lipa City,9.95,,,
755,Llanera,,Llanera,3.82,,,
756,Llorente,,Llorente,51.81,,,
757,Loay,,Loay,10.4,,,
758,Lobo,,Lobo,20.52,,,
759,Loboc,,Loboc,12.8,,,
760,Looc (OM),,Looc,20.17,,,
761,Looc (RN),,Looc,13.32,,,
762,Loon,,Loon,17.8,,,
763,Lope De Vega,,Lope De Vega,47.87,,,
764,Lopez,,Lopez,9.08,,,
765,Lopez Jaena,,Lopez Jaena,28.21,,,
766,Loreto (AS),,Loreto,31.45,,,
767,Loreto (DI),,Loreto,44.37,,,
768,Los Banos,,Los Baños,1.57,,,
769,Luba,,Luba,21.6,,,
770,Lubang,,Lubang,9.49,,,
771,Lubao,,Lubao,3.59,,,
772,Lubuagan,,Lubuagan,20.23,,,
773,Lucban,,Lucban,3.99,,,
774,Lucena,,,,,,
775,Lugait,,Lugait,14.11,,,
776,Lugus,,Lugus,75.53,,,
777,Luisiana,,Luisiana,4.47,,,
778,Lumba-Bayabao,,Lumba-Bayabao (Maguing),76.57,,,
779,Lumbaca-Unayan,,Lumbaca-Unayan,82.25,,,
780,Lumban,,Lumban,2.29,,,
781,Lumbatan,,Lumbatan,76.85,,,
782,Lumbayanague,,Lumbayanague,76.49,,,
783,Luna (AO),,Luna,3.25,,,
784,Luna (IA),,Luna,12.66,,,
785,Luna (LU),,Luna,13.87,,,
786,Lupao,,Lupao,5.78,,,
787,Lupi,,Lupi,20.62,,,
788,Lupon,,Lupon,26.05,,,
789,Lutayan,,Lutayan,39.9,,,
790,Luuk,,Luuk,78.31,,,
791,Maasim,,Maasim,41.9,,,
792,Maasin (IO),,Maasin,20.88,,,
793,Maasin (SL),,Maasin City,20.47,,,
794,Ma-Ayon,,Ma-ayon,10.35,,,
795,Mabalacat,,Mabalacat City,4.4,,,
796,Mabinay,,Mabinay,32.7,,,
797,Mabini (BS),,Mabini,9.82,,,
798,Mabini (BL),,Mabini,12.46,,,
799,Mabini (CV),,Mabini,26.9,,,
800,Mabini (PS),,Mabini (Doña Alicia),22.59,,,
801,Mabitac,,Mabitac,2.99,,,
802,Mabuhay,,Mabuhay,42.93,,,
803,Macabebe,,MacArthur,29.64,,,
804,Macalelon,,Macabebe,5.5,,,
805,Macarthur,,Macalelon,19.16,,,
806,Maco,,Maco,19.82,,,
807,Maconacon,,Maconacon,39.01,,,
808,Macrohon,,Macrohon,23.17,,,
809,Madalag,,Madalag,21.7,,,
810,Madalum,,Madalum,73.99,,,
811,Madamba,,Madamba,76.45,,,
812,Maddela,,Maddela,9.25,,,
813,Madrid,,Madrid,21.46,,,
814,Madridejos,,Madridejos,19.5,,,
815,Magalang,,Magalang,4.96,,,
816,Magallanes (AN),,Magallanes,20.97,,,
817,Magallanes (CE),,Magallanes,35.89,,,
818,Magallanes (SO),,Magallanes,13.8,,,
819,Magarao,,Magarao,16.32,,,
820,Magdalena,,Magdalena,7.81,,,
821,Magdiwang,,Magdiwang,26.05,,,
822,Magpet,,Magpet,41.7,,,
823,Magsaysay (DS),,Magsaysay,11.9,,,
824,Magsaysay (LN),,Magsaysay,25.79,,,
825,Magsaysay (MO),,Magsaysay,31.87,,,
826,Magsaysay (OM),,Magsaysay,21.01,,,
827,Magsaysay (PN),,Magsaysay,23.54,,,
828,Magsingal,,Magsingal,4.42,,,
829,Maguing,,Maguing,76.06,,,
830,Mahaplag,,Mahaplag,31.86,,,
831,Mahatao,,Mahatao,17.83,,,
832,Mahayag,,Mahayag,35.37,,,
833,Mahinog,,Mahinog,26.34,,,
834,Maigo,,Maigo,18.76,,,
835,Maimbung,,Maimbung,71.21,,,
836,Mainit,,Mainit,38.95,,,
837,Maitum,,Maitum,38.6,,,
838,Majayjay,,Majayjay,3.12,,,
839,Makati,,,,,,
840,Makato,,Makato,14.03,,,
841,Makilala,,Makilala,20.3,,,
842,Malabang,,Malabang,71.01,,,
843,Malabon,,Malabuyoc,27,,,
844,Malabuyoc,,Malalag,17.38,,,
845,Malalag,,Malangas,30.8,,,
846,Malangas,,Malapatan,45.7,,,
847,Malapatan,,Malasiqui,13.29,,,
848,Malasiqui,,Malate,2.69,,,
849,Malay,,Malay,13.39,,,
850,Malaybalay,,Malaybalay City,21.58,,,
851,Malibcong,,Malibcong,18.42,,,
852,Malilipot,,Malilipot,26.09,,,
853,Malimono,,Malimono,35.17,,,
854,Malinao (AK),,Malinao,14.59,,,
855,Malinao (AY),,Malinao,33.66,,,
856,Malita,,Malita,35.82,,,
857,Malitbog (BK),,Malitbog,35.62,,,
858,Malitbog (SL),,Malitbog,29.83,,,
859,Mallig,,Mallig,16.34,,,
860,Malolos,,Malolos City,2.93,,,
861,Malungon,,Malungon,34.2,,,
862,Maluso,,Maluso,72.75,,,
863,Malvar,,Malvar,9.4,,,
864,Mamasapano,,Mamasapano,72.64,,,
865,Mambajao,,Mambajao,21.44,,,
866,Mamburao,,Mamburao,13.17,,,
867,Mambusao,,Mambusao,4.8,,,
868,Manabo,,Manabo,16.72,,,
869,Manaoag,,Manaoag,9.37,,,
870,Manapla,,Manapla,23.95,,,
871,Manay,,Manay,37.07,,,
872,Mandaluyong,,,,,,
873,Mandaon,,Mandaon,32.38,,,
874,Mandaue,,,,,,
875,Mangaldan,,Mangaldan,8.98,,,
876,Mangatarem,,Mangatarem,14.64,,,
877,Mangudadatu,,Mangudadatu,52,,,
878,Manila,,,,,,
879,Manito,,Manito,37.21,,,
880,Manjuyod,,Manjuyod,25.1,,,
881,Mankayan,,Mankayan,10.35,,,
882,Manolo Fortich,,Manolo Fortich,23.07,,,
883,Mansalay,,Mansalay,23.3,,,
884,Manticao,,Manticao,17.67,,,
885,Manukan,,Manukan,49.22,,,
886,Mapanas,,Mapanas,42.53,,,
887,Mapandan,,Mapandan,12.16,,,
888,Mapun,,Mapun (Cagayan De Tawi-Tawi),18.81,,,
889,Marabut,,Marabut,27.43,,,
890,Maragondon,,Maragondon,6.14,,,
891,Maragusan,,Maragusan (San Mariano),22.74,,,
892,Maramag,,Maramag,23.43,,,
893,Marantao,,Marantao,67.27,,,
894,Marawi,,Marawi City,63.18,,,
895,Marcos,,Marcos,5,,,
896,Margosatubig,,Margosatubig,32.3,,,
897,Maria,,Maria,24.9,,,
898,Maria Aurora,,Maria Aurora,11.98,,,
899,Maribojoc,,Maribojoc,10.8,,,
900,Marihatag,,Marihatag,37.82,,,
901,Marikina,,,,,,
902,Marilao,,Marilao,3.6,,,
903,Maripipi,,Maripipi,20.42,,,
904,Mariveles,,Mariveles,4.9,,,
905,Marogong,,Marogong,86.57,,,
906,Masbate,,Masantol,10.24,,,
907,Masinloc,,Masbate City,19.55,,,
908,Masiu,,Masinloc,9.6,,,
909,Maslog,,Masiu,74.91,,,
910,Masantol,,Maslog,73.43,,,
911,Mataasnakahoy,,Mataas Na Kahoy,9.17,,,
912,Matag-Ob,,Matag-ob,29.18,,,
913,Matalam,,Matalam,35.9,,,
914,Matalom,,Matalom,26.51,,,
915,Matanao,,Matanao,21.02,,,
916,Matanog,,Matanog,64.66,,,
917,Mati,,Mati City (Capital),21.51,,,
918,Matnog,,Matnog,37.12,,,
919,Matuguinao,,Matuguinao,39.77,,,
920,Matungao,,Matungao,40.96,,,
921,Mauban,,Mauban,7.95,,,
922,Mawab,,Mawab,18.05,,,
923,Mayantoc,,Mayantoc,6.88,,,
924,Maydolong,,Maydolong,46.41,,,
925,Mayorga,,Mayorga,29.56,,,
926,Mayoyao,,Mayoyao,17.41,,,
927,Medellin,,Medellin,20.2,,,
928,Medina,,Medina,18.16,,,
929,Mendez,,Mendez (Mendez-Nuñez),9.23,,,
930,Mercedes,,Mercedes,37.91,,,
931,Mercedes (ES),,Mercedes,36.88,,,
932,Merida,,Merida,22.99,,,
933,Mexico,,Mexico,4.6,,,
934,Meycauayan,,Meycauayan City,5.17,,,
935,Miag-ao,,Miagao,17.43,,,
936,Midsalip,,Midsalip,45.32,,,
937,Midsayap,,Midsayap,24.7,,,
938,Milagros,,Milagros,36.37,,,
939,Milaor,,Milaor,17.67,,,
940,Mina,,Mina,16.07,,,
941,Minalabac,,Minalabac,32.21,,,
942,Minalin,,Minalin,6.16,,,
943,Minglanilla,,Minglanilla,7.7,,,
944,Mlang,,M'lang,20.6,,,
945,Moalboal,,Moalboal,16.9,,,
946,Mobo,,Mobo,24.67,,,
947,Mogpog,,Mogpog,12.08,,,
948,Moises Padilla,,Moises Padilla (Magallon),32.3,,,
949,Molave,,Molave,18.59,,,
950,Moncada,,Moncada,7.25,,,
951,Mondragon,,Mondragon,39.53,,,
952,Monkayo,,Monkayo,28.04,,,
953,Monreal,,Monreal,39.78,,,
954,Montevista,,Montevista,27.85,,,
955,Morong (BN),,Morong,3.81,,,
956,Morong (RL),,Morong,9.99,,,
957,Motiong,,Motiong,30.86,,,
958,Mulanay,,Mulanay,21.14,,,
959,Mulondo,,Mulondo,78.19,,,
960,Munai,,Munai,36.34,,,
961,Muntinlupa,,Murcia,21.26,,,
962,Murcia,,Mutia,46.77,,,
963,Mutia,,Muñoz City,5.52,,,
964,Naawan,,Naawan,16.66,,,
965,Nabas,,Nabas,16.9,,,
966,Nabua,,Nabua,15.52,,,
967,Nabunturan,,Nabunturan,17.5,,,
968,Naga (CS),,Naga,32.79,,,
969,Naga (CU),,Naga City,15.3,,,
970,Naga (ZS),,Naga City,9.12,,,
971,Nagbukel,,Nagbukel,6.52,,,
972,Nagcarlan,,Nagcarlan,2.37,,,
973,Nagtipunan,,Nagtipunan,22.34,,,
974,Naguilian (IA),,Naguilian,14.16,,,
975,Naguilian (LU),,Naguilian,2.81,,,
976,Naic,,Naic,6.03,,,
977,Nampicuan,,Nampicuan,6.62,,,
978,Narra,,Narra,10.34,,,
979,Narvacan,,Narvacan,6.21,,,
980,Nasipit,,Nasipit,19.68,,,
981,Nasugbu,,Nasugbu,13.21,,,
982,Natividad,,Natividad,11.44,,,
983,Natonin,,Natonin,23.07,,,
984,Naujan,,Naujan,12.41,,,
985,Naval,,Naval,22.86,,,
986,Navotas,,,,,,
987,New Bataan,,New Bataan,25.6,,,
988,New Corella,,New Corella,19.58,,,
989,New Lucena,,New Lucena,12.02,,,
990,New Washington,,New Washington,11.35,,,
991,Norala,,Norala,24.6,,,
992,Northern Kabuntalan,,Northern Kabuntalan,65.5,,,
993,Norzagaray,,Norzagaray,8.24,,,
994,Noveleta,,Noveleta,4.07,,,
995,Nueva Era,,Nueva Era,6.1,,,
996,Nueva Valencia,,Nueva Valencia,15.22,,,
997,Numancia,,Numancia,6.61,,,
998,Nunungan,,Nunungan,44.22,,,
999,Oas,,Oas,34.21,,,
1000,Obando,,Obando,4.66,,,
1001,Ocampo,,Ocampo,30.99,,,
1002,Odiongan,,Odiongan,9.6,,,
1003,Old Panamao,,Old Panamao,84.72,,,
1004,Olongapo,,,,,,
1005,Olutanga,,Olutanga,36.62,,,
1006,Omar,,Omar,79.37,,,
1007,Opol,,Opol,12.66,,,
1008,Orani,,Orani,6.66,,,
1009,Oras,,Oras,55.22,,,
1010,Orion,,Orion,8.5,,,
1011,Ormoc,,Ormoc City,22.12,,,
1012,Oroquieta,,Oroquieta City,15.55,,,
1013,Oslob,,Oslob,22.6,,,
1014,Oton,,Oton,11.65,,,
1015,Ozamiz,,Ozamiz City,21.12,,,
1016,Padada,,Padada,9.49,,Paco,1.87
1017,Padre Burgos (QN),,Padre Burgos,8.01,,,
1018,Padre Burgos (SL),,Padre Burgos,23.98,,,
1019,Padre Garcia,,Padre Garcia,20.91,,,
1020,Paete,,Paete,5.39,,,
1021,Pagadian,,Pagadian City,14.07,,,
1022,Pagagawan,,Pagagawan,67.54,,,
1023,Pagalungan,,Pagalungan,61.15,,,
1024,Pagayawan,,Pagayawan (Tatarikan),89.55,,,
1025,Pagbilao,,Pagbilao,6.31,,,
1026,Paglat,,Paglat,72.77,,,
1027,Pagsanghan,,Pagsanghan,29.18,,,
1028,Pagsanjan,,Pagsanjan,2.34,,,
1029,Pagudpud,,Pagudpud,5.68,,,
1030,Pakil,,Pakil,3.34,,,
1031,Palanan,,Palanan,31.3,,,
1032,Palanas,,Palanas,30.5,,,
1033,Palapag,,Palapag,39.99,,,
1034,Palauig,,Palauig,10.32,,,
1035,Palayan,,Palayan City,5.83,,,
1036,Palimbang,,Palimbang,60.5,,,
1037,Palo,,Palo,18.55,,,
1038,Palompon,,Palompon,20.82,,,
1039,Paluan,,Paluan,22.64,,,
1040,Pambujan,,Pambujan,44.68,,,
1041,Pamplona (CG),,Pamplona,30.83,,,
1042,Pamplona (CS),,Pamplona,16.4,,,
1043,Pamplona (NR),,Pamplona,25.6,,,
1044,Panabo,,Panabo City,8.65,,,
1045,Panaon,,Panaon,18.08,,,
1046,Panay,,Panay,6.16,,,
1047,Pandag,,Pandag,70.18,,Pandacan,2.16
1048,Pandami,,Pandami,70.07,,,
1049,Pandan (AE),,Pandan,22.75,,,
1050,Pandan (CT),,Pandan,18.72,,,
1051,Pandi,,Pandi,7.09,,,
1052,Panganiban,,Panganiban,21.93,,,
1053,Pangantucan,,Pangantucan,31.7,,,
1054,Pangil,,Pangil,5.8,,,
1055,Panglao,,Panglao,12.6,,,
1056,Panglima Estino,,Panglima Estino (New Panamao),85.35,,,
1057,Panglima Sugala,,Panglima Sugala (Balimbing),27.52,,,
1058,Pangutaran,,Pangutaran,76.75,,,
1059,Paniqui,,Paniqui,4.58,,,
1060,Panitan,,Panitan,4.8,,,
1061,Pantabangan,,Pantabangan,16.01,,,
1062,Pantao Ragat,,Pantao Ragat,42.51,,,
1063,Pantar,,Pantar,36.74,,,
1064,Pantukan,,Pantukan,27.77,,,
1065,Panukulan,,Panukulan,22.3,,,
1066,Paoay,,Paoay,4.51,,,
1067,Paombong,,Paombong,5.18,,,
1068,Paracale,,Paracale,37.61,,,
1069,Paracelis,,Paracelis,30.63,,,
1070,Paranas,,Paranas (Wright),26.44,,,
1071,Parang (MA),,Parang,77.17,,,
1072,Parang (SU),,Parang,49.06,,,
1073,Paranaque,,,,,,
1074,Pasacao,,Pasacao,32.75,,,
1075,Pasay,,,,,,
1076,Pasig,,,,,,
1077,Pasil,,Pasil,18.15,,,
1078,Passi,,Passi City,21.11,,,
1079,Pastrana,,Pastrana,28.48,,,
1080,Pasuquin,,Pasuquin,5.46,,,
1081,Pata,,Pata,87.31,,,
1082,Pateros,,,,,,
1083,Patikul,,Patikul,59.06,,,
1084,Patnanungan,,Patnanungan,24.14,,,
1085,Patnongon,,Patnongon,21.94,,,
1086,Pavia,,Pavia,7.81,,,
1087,Payao,,Payao,38.8,,,
1088,Perez,,Perez,21.48,,,
1089,Penablanca,,Peñablanca,27.72,,,
1090,Penaranda,,Peñaranda,4.25,,,
1091,Penarrubia,,Peñarrubia,16.17,,,
1092,Piagapo,,Piagapo,83.94,,,
1093,Piat,,Piat,12.87,,,
1094,Picong,,Picong (Sultan Gumander),86.62,,,
1095,Piddig,,Piddig,5.59,,,
1096,Pidigan,,Pidigan,15.22,,,
1097,Pigcawayan,,Pigkawayan,33.2,,,
1098,Pikit,,Pikit,44,,,
1099,Pila,,Pila,2.37,,,
1100,Pilar (AA),,Pilar,19.29,,,
1101,Pilar (BN),,Pilar,23.5,,,
1102,Pilar (BL),,Pilar,31.3,,,
1103,Pilar (CZ),,Pilar,37.41,,,
1104,Pilar (CU),,Pilar,37.1,,,
1105,Pilar (SO),,Pilar,7.29,,,
1106,Pilar (SN),,Pilar,8.88,,,
1107,Pili,,Pili,16.06,,,
1108,Pililla,,Pililla,5.14,,,
1109,Pinabacdao,,Pinabacdao,30.41,,,
1110,Pinamalayan,,Pinamalayan,11.43,,,
1111,Pinamungajan,,Pinamungajan,24,,,
1112,Pinili,,Pinili,6.01,,,
1113,Pintuyan,,Pintuyan,27.26,,,
1114,Pinukpuk,,Pinukpuk,20.31,,,
1115,Pio Duran,,Pio Duran,37.47,,,
1116,Pio V Corpuz,,Pio V. Corpuz,29.74,,,
1117,Pitogo (QN),,Pitogo,36.89,,,
1118,Pitogo (ZR),,Pitogo,8.67,,,
1119,Pinan,,Piñan,46.49,,,
1120,Placer (MS),,Placer,33.12,,,
1121,Placer (SN),,Placer,32.65,,,
1122,Plaridel (BU),,Plaridel,23.75,,,
1123,Plaridel (MC),,Plaridel,7.27,,,
1124,Plaridel (QN),,Plaridel,4.2,,,
1125,Pola,,Pola,14.88,,,
1126,Polanco,,Polanco,42.42,,,
1127,Polangui,,Polangui,21.34,,,
1128,Polillo,,Polillo,10.74,,,
1129,Polomolok,,Polomolok,15,,,
1130,Pontevedra (CZ),,Pontevedra,6.05,,,
1131,Pontevedra (NO),,Pontevedra,12.47,,,
1132,Poona Bayabao,,Poona Bayabao (Gata),72.26,,,
1133,Poona Piagapo,,Poona Piagapo,51.39,,,
1134,Porac,,Porac,5.6,,,
1135,Poro,,Poro,21,,,
1136,Pototan,,Pototan,15.35,,Port Area,6.46
1137,Pozorrubio,,Pozorrubio,7.71,,,
1138,Presentacion,,Pres. Carlos P. Garcia,36.5,,,
1139,President Garcia,,Pres. Manuel A. Roxas,55.62,,,
1140,President Quirino,,Presentacion,38.02,,,
1141,President Roxas (CZ),,President Quirino,26.7,,,
1142,President Roxas (NC),,President Roxas,6.89,,,
1143,Roxas (ZN),,President Roxas,37.5,,,
1144,Prieto Diaz,,Prieto Diaz,33.99,,,
1145,Prosperidad,,Prosperidad,34.23,,,
1146,Pualas,,Pualas,75.91,,,
1147,Pudtol,,Pudtol,21.01,,,
1148,Puerto Galera,,Puerto Galera,13.25,,,
1149,Puerto Princesa,,,,,,
1150,Pugo,,Pugo,3.16,,,
1151,Pulilan,,Pulilan,4.59,,,
1152,Pulupandan,,Pulupandan,7.7,,,
1153,Pura,,Pura,5.59,,,
1154,Quezon (BK),,Quezon,18.78,,,
1155,Quezon (IA),,Quezon,16.98,,,
1156,Quezon (MM),,Quezon,14.78,,,
1157,Quezon (NE),,Quezon,5.87,,,
1158,Quezon (NV),,Quezon,29.83,,,
1159,Quezon (PN),,Quezon,22.73,,,
1160,Quezon (QN),,Quiapo,4.02,,,
1161,Quinapondan,,Quinapondan,51.27,,,
1162,Quirino (IS),,Quirino,15.59,,,
1163,Quirino (IA),,Quirino,10.97,,,
1164,Ragay,,Ragay,30.41,,,
1165,Rajah Buayan,,Rajah Buayan,73.25,,,
1166,Ramon,,Ramon,13.4,,,
1167,Ramon Magsaysay,,Ramon Magsaysay,32.62,,,
1168,Ramos,,Ramos,8.46,,,
1169,Rapu-Rapu,,Rapu-Rapu,42.71,,,
1170,Real,,Real,8.71,,,
1171,Reina Mercedes,,Reina Mercedes,14.99,,,
1172,Remedios T. Romualdez,,Remedios T. Romualdez,27.74,,,
1173,Rizal (CG),,Rizal,32.16,,,
1174,Rizal (KA),,Rizal,21.29,,,
1175,Rizal (LA),,Rizal,39.54,,,
1176,Rizal (NE),,Rizal,1.56,,,
1177,Rizal (OM),,Rizal,20.13,,,
1178,Rizal (PN),,Rizal,7.35,,,
1179,Rizal (ZN),,Rizal (Liwan),11.87,,,
1180,Rodriguez,,Rodriguez (Montalban),5.62,,,
1181,Romblon,,Romblon,21.71,,,
1182,Ronda,,Ronda,21.2,,,
1183,Rosales,,Rosales,11.84,,,
1184,Rosario (AS),,Rosario,5.21,,,
1185,Rosario (BS),,Rosario,3.55,,,
1186,Rosario (CE),,Rosario,35.42,,,
1187,Rosario (LU),,Rosario,11.92,,,
1188,Rosario (NS),,Rosario,32.98,,,
1189,R.T. Lim,,Roseller Lim,32.26,,,
1190,Roxas (CZ),,Roxas,16.44,,,
1191,Roxas (IA),,Roxas,10.78,,,
1192,Roxas (OR),,Roxas,13.47,,,
1193,Roxas (PN),,Roxas City,7.32,,,
1194,Sabangan,,Sabangan,14.04,,,
1195,Sablan,,Sablan,8.71,,,
1196,Sablayan,,Sablayan,12.84,,,
1197,Sabtang,,Sabtang,21.71,,,
1198,Sadanga,,Sadanga,21.65,,,
1199,Sagada,,Sagada,12.62,,,
1200,Sagay (CM),,Sagay,32.7,,,
1201,Sagay (NO),,Sagay City,24.1,,,
1202,Sagbayan,,Sagbayan,21.5,,,
1203,Saguday,,Saguday,9.94,,,
1204,Saguiaran,,Saguiaran,75.26,,,
1205,Sagnay,,Sagñay,33.93,,,
1206,Saint Bernard,,Saint Bernard,25.48,,,
1207,Salay,,Salay,17.25,,,
1208,Salcedo (ES),,Salcedo,44.9,,,
1209,Salcedo (IS),,Salcedo,7.41,,,
1210,Sallapadan,,Sallapadan,19.96,,,
1211,Salug,,Salug,49.39,,,
1212,Salvador,,Salvador,29.11,,,
1213,Salvador Benedicto,,Salvador Benedicto,32.4,,,
1214,Samal,,Samal,7.27,,,
1215,Samboan,,Samboan,21.6,,,
1216,Sampaloc,,Sampaloc,12.56,,,
1217,San Agustin (IA),,Sampaloc,1.97,,,
1218,San Agustin (RN),,San Agustin,31.97,,,
1219,San Agustin (SS),,San Agustin,25.35,,,
1220,San Andres (CT),,San Agustin,12.36,,,
1221,San Andres (QN),,San Andres,21.84,,,
1222,San Andres (RN),,San Andres,20.68,,,
1223,San Antonio (NS),,San Andres,25.49,,,
1224,San Antonio (NE),,San Antonio,5.8,,,
1225,San Antonio (QN),,San Antonio,26.81,,,
1226,San Antonio (ZA),,San Antonio,7.29,,,
1227,San Benito,,San Antonio,16.5,,,
1228,San Carlos (NO),,San Benito,38.74,,,
1229,San Carlos (PS),,San Carlos City,12.73,,,
1230,Sanchez-Mira,,San Carlos City,28.05,,,
1231,San Clemente,,San Clemente,5.06,,,
1232,San Dionisio,,San Dionisio,26.74,,,
1233,San Emilio,,San Emilio,10.78,,,
1234,San Enrique (IO),,San Enrique,10.37,,,
1235,San Enrique (NO),,San Enrique,22.18,,,
1236,San Esteban,,San Esteban,4.84,,,
1237,San Fabian,,San Fabian,11.46,,,
1238,San Felipe,,San Felipe,9.27,,,
1239,San Fernando (BK),,San Fernando,36.31,,,
1240,San Fernando (CS),,San Fernando,15,,,
1241,San Fernando (CU),,San Fernando,29.28,,,
1242,San Fernando (LU),,San Fernando,28.04,,,
1243,San Fernando (MS),,San Fernando,27.2,,,
1244,San Fernando (PA),,San Fernando City,3.61,,,
1245,San Fernando (RN),,San Fernando City,1.27,,,
1246,San Francisco (AS),,San Francisco,25.69,,,
1247,San Francisco (CU),,San Francisco,31.7,,,
1248,San Francisco (QN),,San Francisco,27.47,,,
1249,San Francisco (SL),,San Francisco (Anao-Aon),32.09,,,
1250,San Francisco (SN),,San Francisco (Aurora),24.15,,,
1251,San Gabriel,,San Gabriel,5.79,,,
1252,San Guillermo,,San Guillermo,27.2,,,
1253,San Ildefonso (BU),,San Idelfonso,5.54,,,
1254,San Ildefonso (IS),,San Ildefonso,3.84,,,
1255,San Isidro (AA),,San Isidro,25.12,,,
1256,San Isidro (BL),,San Isidro,25.8,,,
1257,San Isidro (DN),,San Isidro,32.55,,,
1258,San Isidro (DO),,San Isidro,31.24,,,
1259,San Isidro (IA),,San Isidro,4.63,,,
1260,San Isidro (LE),,San Isidro,36.79,,,
1261,San Isidro (NS),,San Isidro,11.97,,,
1262,San Isidro (NE),,San Isidro,20.3,,,
1263,San Isidro (SN),,San Isidro,32.7,,,
1264,San Jacinto (MS),,San Jacinto,13.33,,,
1265,San Jacinto (PS),,San Jacinto,27.07,,,
1266,San Joaquin,,San Joaquin,26.15,,,
1267,San Jorge,,San Jorge,29.58,,,
1268,San Jose (AE),,San Jose,27.94,,,
1269,San Jose (BS),,San Jose,15.27,,,
1270,San Jose (CS),,San Jose,32.1,,,
1271,San Jose (DI),,San Jose,12.06,,,
1272,San Jose (NR),,San Jose,10.36,,,
1273,San Jose (NS),,San Jose,24.91,,,
1274,San Jose (NE),,San Jose,9.24,,,
1275,San Jose (OM),,San Jose,17.1,,,
1276,San Jose (RN),,San Jose,27.63,,,
1277,San Jose (TC),,San Jose City,4.61,,,
1278,San Jose De Buan,,San Jose Del Monte City,4.64,,,
1279,San Jose Del Monte,,San Jose de Buan,38.77,,,
1280,San Juan (AA),,San Juan,13.04,,,
1281,San Juan (BS),,San Juan,13,,,
1282,San Juan (IS),,San Juan,1.82,,,
1283,San Juan (LU),,San Juan,4.86,,,
1284,San Juan (MM),,San Juan,22.17,,,
1285,San Juan (SR),,San Juan (Cabalian),24.48,,,
1286,San Juan (SL),,,,,,
1287,San Julian,,San Julian,48.41,,,
1288,San Leonardo,,San Leonardo,5.14,,,
1289,San Lorenzo,,San Lorenzo,15.9,,,
1290,San Lorenzo Ruiz,,San Lorenzo Ruiz,31.61,,,
1291,San Luis (AS),,San Luis,10.93,,,
1292,San Luis (AU),,San Luis,6.01,,,
1293,San Luis (BS),,San Luis,15.67,,,
1294,San Luis (PA),,San Luis,47.33,,,
1295,San Manuel (IA),,San Manuel,13.69,,,
1296,San Manuel (PS),,San Manuel,9.91,,,
1297,San Manuel (TC),,San Manuel,8.76,,,
1298,San Marcelino,,San Marcelino,9.06,,,
1299,San Mariano,,San Mariano,23.09,,,
1300,San Mateo (IA),,San Mateo,4.22,,,
1301,San Mateo (RL),,San Mateo,10.66,,,
1302,San Miguel (BL),,San Miguel,13.99,,,
1303,San Miguel (BU),,San Miguel,32.74,,,
1304,San Miguel (CT),,San Miguel,33.22,,,
1305,San Miguel (IO),,San Miguel,6.51,,,
1306,San Miguel (LE),,San Miguel,38.78,,,
1307,San Miguel (SS),,San Miguel,27.1,,,
1308,San Miguel (ZR),,San Miguel,26.74,,,
1309,San Narciso (QN),,San Narciso,5,,San Miguel,4.6
1310,San Narciso (ZA),,San Narciso,23.22,,,
1311,San Nicolas (BS),,San Nicolas,3.99,,,
1312,San Nicolas (IN),,San Nicolas,19.62,,,
1313,San Nicolas (PS),,San Nicolas,2.91,,,
1314,San Pablo (IA),,San Pablo,38.78,,San Nicolas,12.87
1315,San Pablo (LA),,San Pablo,18.78,,,
1316,San Pablo (ZR),,San Pablo City,2.1,,,
1317,San Pascual (BS),,San Pascual,38.21,,,
1318,San Pascual (MS),,San Pascual,7.53,,,
1319,San Pedro,,San Pedro City,1.99,,,
1320,San Policarpo,,San Policarpo,55.81,,,
1321,San Quintin (AA),,San Quintin,11.68,,,
1322,San Quintin (PS),,San Quintin,14.83,,,
1323,San Rafael (BU),,San Rafael,21.32,,,
1324,San Rafael (IO),,San Rafael,4.45,,,
1325,San Remigio (AE),,San Remigio,33.09,,,
1326,San Remigio (CU),,San Remigio,15.9,,,
1327,San Ricardo,,San Ricardo,30.64,,,
1328,San Roque,,San Roque,44.11,,,
1329,San Sebastian,,San Sebastian,27.76,,,
1330,San Simon,,San Simon,5.58,,,
1331,San Teodoro,,San Teodoro,16.53,,,
1332,Santiago (AN),,Santiago,28.72,,,
1333,Santiago (IS),,Santiago,5.67,,,
1334,Santiago (IA),,Santiago City,12.33,,,
1335,San Vicente (CN),,San Vicente,18.91,,,
1336,San Vicente (IS),,San Vicente,27.21,,,
1337,San Vicente (NS),,San Vicente,37.31,,,
1338,San Vicente (PN),,San Vicente,3.33,,,
1339,Sapad,,Sapad,25.1,,Sanchez-Mira,8.27
1340,Sapang Dalaga,,Sapang Dalaga,35.35,,,
1341,Sapa-Sapa,,Sapa-Sapa,24.76,,,
1342,Sapi-An,,Sapi-An,8.96,,,
1343,Sara,,Sara,19.81,,Santa Ana,2.41
1344,Sarangani,,Sarangani,35.47,,,
1345,Sariaya,,Sariaya,6.34,,,
1346,Sarrat,,Sarrat,4.66,,,
1347,Sasmuan,,Sasmuan,6.07,,,
1348,Science City of Munoz,,,,,,
1349,Sebaste,,Sebaste,21.17,,,
1350,Senator Ninoy Aquino,,Sen. Ninoy Aquino,38.2,,,
1351,Sergio Osmena,,Sergio Osmeña Sr.,59.19,,,
1352,Sevilla,,Sevilla,22.1,,,
1353,Shariff Aguak,,Shariff Aguak (Maganoy),62.85,,,
1354,Shariff Saydona Mustapha,,Shariff Saydona Mustapha,66.3,,Santa Cruz,16.8
1355,Siasi,,Siasi,70.93,,,
1356,Siaton,,Siaton,30.7,,,
1357,Siay,,Siay,33.02,,,
1358,Siayan,,Siayan,61.95,,,
1359,Sibagat,,Sibagat,40.23,,,
1360,Sibalom,,Sibalom,17.67,,,
1361,Sibonga,,Sibonga,18.6,,,
1362,Sibuco,,Sibuco,58.59,,,
1363,Sibulan,,Sibulan,10.9,,,
1364,Sibunag,,Sibunag,14.57,,,
1365,Sibutad,,Sibutad,46.34,,,
1366,Sibutu,,Sibutu,20.89,,,
1367,Sierra Bullones,,Sierra Bullones,27.3,,,
1368,Sigay,,Sigay,9.47,,,
1369,Sigma,,Sigma,6.38,,,
1370,Sikatuna,,Sikatuna,15.6,,,
1371,Silago,,Silago,26.77,,,
1372,Silang,,Silang,5.8,,,
1373,Silay,,Silay City,17.6,,,
1374,Silvino Lobos,,Silvino Lobos,56.94,,,
1375,Simunul,,Simunul,14.64,,,
1376,Sinacaban,,Sinacaban,24.19,,,
1377,Sinait,,Sinait,5.64,,,
1378,Sindangan,,Sindangan,37.1,,,
1379,Siniloan,,Siniloan,2.97,,,
1380,Siocon,,Siocon,51.36,,,
1381,Sipalay,,Sipalay City,23.53,,,
1382,Sipocot,,Sipocot,29.11,,,
1383,Siquijor,,Siquijor,13.1,,,
1384,Sirawai,,Sirawai,57.61,,,
1385,Siruma,,Siruma,37.77,,,
1386,Sison (PS),,Sison,12.33,,,
1387,Sison (SN),,Sison,36.24,,,
1388,Sitangkai,,Sitangkai,24.03,,,
1389,Socorro (OR),,Socorro,31.97,,,
1390,Socorro (SN),,Socorro,13.72,,,
1391,Sofronio Espanola,,Sofronio Española,17.35,,,
1392,Sogod (CU),,Sogod,27.22,,,
1393,Sogod (SL),,Sogod,19.2,,,
1394,Solana,,Solana,10.72,,,
1395,Solano,,Solano,6.95,,,
1396,Solsona,,Solsona,6.19,,,
1397,Sominot,,Sominot,38.4,,,
1398,Sorsogon,,Sorsogon City,18.07,,,
1399,South Ubian,,South Ubian,16.43,,,
1400,South Upi,,South Upi,60.4,,,
1401,Santa,,Santa,4.78,,,
1402,Santa Ana (CG),,Santa Ana,6.18,,,
1403,Santa Ana (PA),,Santa Ana,13.87,,,
1404,Santa Barbara (IO),,Santa Barbara,11.38,,,
1405,Santa Barbara (PS),,Santa Barbara,9.99,,,
1406,Santa Catalina (IS),,Santa Catalina,5.87,,,
1407,Santa Catalina (NR),,Santa Catalina,28.6,,,
1408,Santa Cruz (DS),,Santa Cruz,6.94,,,
1409,Santa Cruz (IS),,Santa Cruz,20.71,,,
1410,Santa Cruz (LA),,Santa Cruz,1.98,,,
1411,Santa Cruz (ME),,Santa Cruz,13.54,,,
1412,Santa Cruz (OM),,Santa Cruz,2.36,,,
1413,Santa Cruz (ZA),,Santa Cruz,9.6,,,
1414,Santa Elena,,Santa Elena,35.79,,,
1415,Santa Fe (CU),,Santa Fe,26.52,,,
1416,Santa Fe (LE),,Santa Fe,24.9,,,
1417,Santa Fe (NV),,Santa Fe,17.65,,,
1418,Santa Fe (RN),,Santa Fe,27.92,,,
1419,Santa Ignacia,,Santa Ignacia,5.53,,,
1420,Santa Josefa,,Santa Josefa,30.96,,,
1421,Santa Lucia,,Santa Lucia,6.28,,,
1422,Santa Magdalena,,Santa Magdalena,32.78,,,
1423,Santa Marcela,,Santa Marcela,12.2,,,
1424,Santa Margarita,,Santa Margarita,25.49,,,
1425,Santa Maria (BU),,Santa Maria,4.73,,,
1426,Santa Maria (DS),,Santa Maria,4.58,,,
1427,Santa Maria (IS),,Santa Maria,31.7,,,
1428,Santa Maria (IA),,Santa Maria,19.43,,,
1429,Santa Maria (LA),,Santa Maria,6.18,,,
1430,Santa Maria (PS),,Santa Maria,21.82,,,
1431,Santa Maria (Imelda),,Santa Maria,11.08,,,
1432,Santa Monica,,Santa Monica (Sapao),33.65,,,
1433,Santander,,Santander,18.7,,,
1434,Santa Praxedes,,Santa Praxedes,12.23,,,
1435,Santa Rita (PA),,Santa Rita,4.1,,,
1436,Santa Rita (WS),,Santa Rita,34.41,,,
1437,Santa Rosa (LA),,Santa Rosa,4.01,,,
1438,Santa Rosa (NE),,Santa Rosa City,1.29,,,
1439,Santa Teresita (BS),,Santa Teresita,10.75,,,
1440,Santa Teresita (CG),,Santa Teresita,11.8,,,
1441,Santo Domingo (AY),,Santo Domingo,4.59,,,
1442,Santo Domingo (IS),,Santo Domingo,23.03,,,
1443,Santo Domingo (NE),,Santo Domingo,4.3,,,
1444,Santol,,Santol,5.31,,,
1445,Santo Nino (CG),,Santo Niño,16.74,,,
1446,Santo Nino (WS),,Santo Niño,30.68,,,
1447,Santo Nino (SC),,Santo Niño,17.3,,,
1448,Santo Tomas (BS),,Santo Tomas,4.25,,,
1449,Santo Tomas (DN),,Santo Tomas,22.68,,,
1450,Santo Tomas (IA),,Santo Tomas,8.37,,,
1451,Santo Tomas (LU),,Santo Tomas,12.06,,,
1452,Santo Tomas (PA),,Santo Tomas,3.37,,,
1453,Santo Tomas (PS),,Santo Tomas,10.72,,,
1454,Sual,,Sual,10.1,,,
1455,Subic,,Subic,10.25,,,
1456,Sudipen,,Sudipen,3.95,,,
1457,Sugbongcogon,,Sugbongcogon,17.89,,,
1458,Sugpon,,Sugpon,10.08,,,
1459,Sulat,,Sulat,45.56,,,
1460,Sulop,,Sulop,16.12,,,
1461,Sultan Dumalondong,,Sultan Dumalondong,88.08,,,
1462,Sultan Kudarat,,Sultan Kudarat (Nuling),58.88,,,
1463,Sultan Mastura,,Sultan Mastura,59.75,,,
1464,Sultan Naga Dimaporo,,Sultan Naga Dimaporo,27.7,,,
1465,Sultan Sa Barongis,,Sultan Sa Barongis (Lambayong),67.09,,,
1466,Sumilao,,Sumilao,32.26,,,
1467,Sumisip,,Sumisip,72.24,,,
1468,Surallah,,Surallah,17.9,,,
1469,Surigao,,Surigao City,24.7,,,
1470,Suyo,,Suyo,7.88,,,
1471,Taal,,Taal,8.84,,,
1472,Tabaco,,Tabaco City,19.83,,,
1473,Tabango,,Tabango,30.81,,,
1474,Tabina,,Tabina,37.88,,,
1475,Tabogon,,Tabogon,21.5,,,
1476,Tabontabon,,Tabontabon,30.61,,,
1477,Tabuan-Lasa,,Tabuan-Lasa,85.88,,,
1478,Tabuelan,,Tabuelan,22.2,,,
1479,Tabuk,,Tabuk City,10.6,,,
1480,Tacloban,,,,,,
1481,Tacurong,,Tacurong City,10.3,,,
1482,Tadian,,Tadian,18.08,,,
1483,Taft,,Taft,47.61,,,
1484,Tagana-An,,Tagana-an,37.23,,,
1485,Tagapul-An,,Tagapul-an,31.62,,,
1486,Tagaytay,,Tagaytay City,5.35,,,
1487,Tagbilaran,,Tagbilaran City,3.4,,,
1488,Tagbina,,Tagbina,32.66,,,
1489,Tagkawayan,,Tagkawayan,20.92,,,
1490,Tago,,Tago,29.69,,,
1491,Tagoloan (LN),,Tagoloan,16.83,,,
1492,Tagoloan (MO),,Tagoloan,36.46,,,
1493,Tagoloan Ii,,Tagoloan II,85.01,,,
1494,Tagudin,,Tagudin,6.4,,,
1495,Taguig,,,,,,
1496,Tagum,,Tagum City,5.5,,,
1497,Talacogon,,Talacogon,36.17,,,
1498,Talaingod,,Talaingod,49.57,,,
1499,Talakag,,Talakag,43.39,,,
1500,Talalora,,Talalora,37.16,,,
1501,Talavera,,Talavera,4.42,,,
1502,Talayan,,Talayan,70.83,,,
1503,Talibon,,Talibon,26.5,,,
1504,Talipao,,Talipao,82.62,,,
1505,Talisay (BS),,Talisay,24.46,,,
1506,Talisay (CN),,Talisay,10.72,,,
1507,Talisay  (CU),,Talisay City,8.2,,,
1508,Talisay (NO),,Talisay City,3.52,,,
1509,Talisayan,,Talisayan,19.89,,,
1510,Talitay,,Talitay,68.73,,,
1511,Talugtug,,Talugtug,5.28,,,
1512,Talusan,,Talusan,42.32,,,
1513,Tambulig,,Tambulig,32.33,,,
1514,Tampakan,,Tampakan,30.9,,,
1515,Tamparan,,Tamparan,73.58,,,
1516,Tampilisan,,Tampilisan,48.2,,,
1517,Tanauan (BS),,Tanauan,20.91,,,
1518,Tanauan (LE),,Tanauan City,8.74,,,
1519,Tanay,,Tanay,6.37,,,
1520,Tandag,,Tandag City,19.13,,,
1521,Tandubas,,Tandubas,23.93,,,
1522,Tangalan,,Tangalan,15.31,,,
1523,Tangcal,,Tangcal,44.07,,,
1524,Tangub,,Tangub City,27.5,,,
1525,Tanjay,,Tanjay City,18.9,,,
1526,Tantangan,,Tantangan,26.8,,,
1527,Tanudan,,Tanudan,22.29,,,
1528,Tanza,,Tanza,5.24,,,
1529,Tapaz,,Tapaz,12.41,,,
1530,Tapul,,Tapul,76.79,,,
1531,Taraka,,Taraka,72.85,,,
1532,Tarangnan,,Tarangnan,29.87,,,
1533,Tarlac,,Tarlac City,5.23,,,
1534,Tarragona,,Tarragona,38.21,,,
1535,Tayabas,,Tayabas City,6.26,,,
1536,Tayasan,,Tayasan,29.2,,,
1537,Taysan,,Taysan,11.77,,,
1538,Taytay (PN),,Taytay,4.63,,,
1539,Taytay (RL),,Taytay,17.88,,,
1540,Tayug,,Tayug,8.07,,,
1541,Tayum,,Tayum,17.92,,,
1542,T'Boli,,T'boli,45.7,,,
1543,Teresa,,Teresa,4.12,,,
1544,Ternate,,Ternate,11.42,,,
1545,Tiaong,,Tiaong,6.78,,,
1546,Tibiao,,Tibiao,20.7,,,
1547,Tigaon,,Tigaon,28.7,,,
1548,Tigbao,,Tigbao,39.46,,,
1549,Tigbauan,,Tigbauan,15.59,,,
1550,Tinambac,,Tinambac,36.77,,,
1551,Tineg,,Tineg,36.35,,,
1552,Tinglayan,,Tinglayan,27.71,,,
1553,Tingloy,,Tingloy,19.08,,,
1554,Tinoc,,Tinoc,26.96,,,
1555,Tipo-Tipo,,Tipo-Tipo,76.61,,,
1556,Titay,,Titay,33.52,,,
1557,Tiwi,,Tiwi,23.58,,,
1558,Tobias Fornier,,Tobias Fornier,22.48,,,
1559,Toboso,,Toboso,20.26,,,
1560,Toledo,,Toledo City,17.2,,,
1561,Tolosa,,Tolosa,20.96,,,
1562,Tomas Oppus,,Tomas Oppus,26.49,,,
1563,Tongkil,,Tongkil,80.68,,Tondo,3.76
1564,Torrijos,,Torrijos,20.34,,,
1565,Trece Martires,,Trece Martires City,5.89,,,
1566,Trento,,Trento,29.57,,,
1567,Trinidad,,Trinidad,25.2,,,
1568,Tuao,,Tuao,11.75,,,
1569,Tuba,,Tuba,6.99,,,
1570,Tubajon,,Tubajon,35.7,,,
1571,Tubao,,Tubao,3.69,,,
1572,Tubaran,,Tubaran,78.27,,,
1573,Tubay,,Tubay,28.84,,,
1574,Tubigon,,Tubigon,16.3,,,
1575,Tublay,,Tublay,13.21,,,
1576,Tubo,,Tubo,23.59,,,
1577,Tubod (LN),,Tubod,29.36,,,
1578,Tubod (SN),,Tubod,18.06,,,
1579,Tubungan,,Tubungan,25.39,,,
1580,Tuburan (BA),,Tuburan,75.52,,,
1581,Tuburan (CU),,Tuburan,24.4,,,
1582,Tudela (CU),,Tudela,19.7,,,
1583,Tudela (MC),,Tudela,24.38,,,
1584,Tugaya,,Tugaya,70.32,,,
1585,Tuguegarao,,Tuguegarao City,4.19,,,
1586,Tukuran,,Tukuran,33.36,,,
1587,Tulunan,,Tulunan,35.4,,,
1588,Tumauini,,Tumauini,21.15,,,
1589,Tunga,,Tunga,18.24,,,
1590,Tungawan,,Tungawan,36.3,,,
1591,Tupi,,Tupi,22.5,,,
1592,Turtle Islands,,Turtle Islands,18.57,,,
1593,Tuy,,Tuy,11.88,,,
1594,Ubay,,Ubay,25.7,,,
1595,Umingan,,Umingan,12.82,,,
1596,Ungkaya Pukan,,Ungkaya Pukan,76.76,,,
1597,Unisan,,Unisan,14.64,,,
1598,Upi,,Upi,50.95,,,
1599,Urbiztondo,,Urbiztondo,18.38,,,
1600,Urdaneta,,Urdaneta City,8.36,,,
1601,Uson,,Uson,36.45,,,
1602,Uyugan,,Uyugan,13.24,,,
1603,Valderrama,,Valderrama,42.59,,,
1604,Valencia (BL),,Valencia,22,,,
1605,Valencia (BK),,Valencia,13,,,
1606,Valencia (NR),,Valencia City,21.9,,,
1607,Valenzuela,,,,,,
1608,Valladolid,,Valladolid,10.29,,,
1609,Vallehermoso,,Vallehermoso,32.3,,,
1610,Veruela,,Veruela,39.86,,,
1611,Victoria (LA),,Victoria,3.75,,,
1612,Victoria (NS),,Victoria,11.72,,,
1613,Victoria (OR),,Victoria,33.58,,,
1614,Victoria (TC),,Victoria,8.45,,,
1615,Victorias,,Victorias City,12.86,,,
1616,Viga,,Viga,29.05,,,
1617,Vigan,,Vigan City,2.42,,,
1618,Villaba,,Villaba,26.25,,,
1619,Villanueva,,Villanueva,15.97,,,
1620,Villareal,,Villareal,32.64,,,
1621,Villasis,,Villasis,11.77,,,
1622,Villaverde,,Villaverde,12.54,,,
1623,Villaviciosa,,Villaviciosa,19.93,,,
1624,Vincenzo A Sagun,,Vincenzo A. Sagun,30.81,,,
1625,Vintar,,Vintar,4.18,,,
1626,Vinzons,,Vinzons,24.33,,,
1627,Virac,,Virac,11.16,,,
1628,Wao,,Wao,65.07,,,
1629,Zamboanga,,,,,,
1630,Zamboanguita,,Zamboanguita,17.5,,,
1631,Zaragoza,,Zaragoza,3.82,,,
1632,Zarraga,,Zarraga,10.83,,,
1633,Zumarraga,,Zumarraga,38.87,,,
