city_munic
Aborlan
Abra De Ilog
Abucay
Abulug
Abuyog
Adams
Agdangan
Aglipay
Agno
Agoncillo
Agoo
Aguilar
Aguinaldo
Agutaya
Ajuy
Akbar
Al-Barka
Alabat
Alabel
Alamada
Alaminos (LA)
Alaminos (PS)
Alang-Alang
Albuera
Alburquerque
Alcala (CG)
Alcala (PS)
Alcantara (CU)
Alcantara (RN)
Alcoy
Alegria (CU)
Alegria (SN)
Aleosan
Alfonso
Alfonso Castaneda
Alfonso Lista
Aliaga
Alicia (BL)
Alicia (IA)
Alicia (ZS)
Alilem
Alimodian
Alitagtag
Allacapan
Allen
Almagro
Almeria
Aloguinsan
Aloran
Altavas
Alubijid
Amadeo
Amai Manabilang
Ambaguio
Amlan
Ampatuan
Amulung
Anahawan
Anao
Anda (BL)
Anda (PS)
Angadanan
Angat
Angeles
Angono
Anilao
Anini-Y
Antequera
Antipas
Antipolo
Apalit
Aparri
Araceli
Arakan
Arayat
Argao
Aringay
Aritao
Aroroy
Arteche
Asingan
Asipulo
Asturias
Asuncion
Atimonan
Atok
Aurora (IA)
Aurora (ZR)
Ayungon
Baao
Babatngon
Bacacay
Bacarra
Baclayon
Bacnotan
Baco
Bacolod (LN)
Bacolod (NO)
Bacolod-Kalawi
Bacolor
Bacong
Bacoor
Bacuag
Bacungan Leon B. Postigo
Badian
Badiangan
Badoc
Bagabag
Bagac
Bagamanoc
Baganga
Baggao
Bago
Baguio
Bagulin
Bagumbayan
Bais
Bakun
Balabac
Balabagan
Balagtas
Balamban
Balanga
Balangiga
Balangkayan
Balaoan
Balasan
Balatan
Balayan
Balbalan
Baleno
Baler
Balete (AK)
Balete (BS)
Baliangao
Baliguian
Balilihan
Balindong
Balingasag
Balingoan
Baliwag
Ballesteros
Baloi
Balud
Balungao
Bamban
Bambang
Banate
Banaue
Banaybanay
Banayoyo
Banga (AK)
Banga (SC)
Bangar
Bangued
Bangui
Bani
Banisilan
Banna
Bansalan
Bansud
Bantay
Bantayan Island
Banton
Baras (CT)
Baras (RL)
Barbaza
Barcelona
Barili
Barira
Barlig
Barobo
Barotac Nuevo
Barotac Viejo
Baroy
Barugo
Basay
Basco
Basey
Basilisa
Basista
Basud (CN)
Batac
Batad
Batan
Batangas
Bataraza
Bato (CS)
Bato (CT)
Bato (LE)
Batuan (BL)
Batuan (MS)
Bauan
Bauang
Bauko
Baungon
Bautista
Bay
Bayabas
Bayambang
Bayang
Bayawan
Baybay
Bayog
Bayombong
Bayugan
Belison
Benito Soliven
Besao
Bien Unido
Bilar
Biliran
Binalbagan
Binalonan
Binan
Binangonan
Bindoy
Bingawan
Binidayan
Binmaley
Binuangan
Biri
Bislig
Boac
Bobon
Bocaue
Bogo
Bokod
Bolinao
Boliney
Boljoon
Bombon
Bongabon
Bongabong
Bongao
Bonifacio
Bontoc (MP)
Bontoc (SL)
Borbon
Borongan
Boston
Botolan
Braulio E. Dujali
Buadiposo-Buntong
Bubong
Bucay
Bucloc
Buenavista (AN)
Buenavista (BL)
Buenavista (GS)
Buenavista (ME)
Buenavista (QN)
Bugallon
Bugasong
Buguey
Buguias
Buhi
Bula
Bulakan
Bulalacao
Bulan
Buldon
Buluan
Bulusan
Bunawan
Burauen
Burdeos
Burgos (IA)
Burgos (IN)
Burgos (IS)
Burgos (LU)
Burgos (PS)
Burgos (SN)
Buruanga
Bustos
Busuanga
Butig
Butuan
Buug
Caba
Cabadbaran
Cabagan
Cabanatuan
Cabangan
Cabanglasan
Cabarroguis
Cabatuan (IA)
Cabatuan (IO)
Cabiao
Cabucgayan
Cabugao
Cabusao
Cabuyao
Cadiz
Cagayan De Oro
Cagayancillo
Cagdianao
Cagwait
Caibiran
Cainta
Cajidiocan
Calabanga
Calaca
Calamba (LA)
Calamba (MC)
Calanasan
Calanogas
Calapan
Calape
Calasiao
Calatagan
Calatrava (NO)
Calatrava (RN)
Calauag
Calauan
Calayan
Calbayog
Calbiga
Calinog
Calintaan
Caloocan
Calubian
Calumpit
Caluya
Camalaniugan
Camalig
Camaligan
Camiling
Can-Avid
Canaman
Candaba
Candelaria (QN)
Candelaria (ZA)
Candijay
Candon
Candoni
Canlaon
Cantilan
Caoayan
Capalonga
Capas
Capoocan
Capul
Caraga
Caramoan
Caramoran
Carasi
Carcar
Cardona
Carigara
Carles
Carmen (AN)
Carmen (BL)
Carmen (CU)
Carmen (DN)
Carmen (NC)
Carmen (SS)
Carmona
Carranglan
Carrascal
Casiguran (AU)
Casiguran (SO)
Castilla
Castillejos
Cataingan
Catanauan
Catarman (CM)
Catarman (NS)
Catbalogan
Cateel
Catigbian
Catmon
Catubig
Cauayan (IA)
Cauayan (NO)
Cavinti
Cavite
Cawayan
Cebu
Cervantes
Clarin (BL)
Clarin (MC)
Claver
Claveria (CG)
Claveria (MO)
Claveria (MS)
Columbio
Compostela (CU)
Compostela (DDO)
Concepcion
Concepcion (IO)
Concepcion (RN)
Concepcion (TC)
Conner
Consolacion
Corcuera
Cordon
Cordova
Corella
Coron
Cortes (BL)
Cortes (SS)
Cotabato
Cuartero
Cuenca
Culaba
Culasi
Culion
Currimao
Cuyapo
Cuyo
Daan Bantayan
Daet
Dagami
Dagohoy
Daguioman
Dagupan
Dalaguete
Damulog
Danao (BL)
Danao (CU)
Dangcagan
Danglas
Dao
Dapa
Dapitan
Daraga
Daram
Dasmarinas
Dasol
Datu Abdullah Sangki
Datu Anggal Midtimbang
Datu Blah Sinsuat
Datu Hoffer Ampatuan
Datu Odin Sinsuat
Datu Paglas
Datu Piang
Datu Salibo
Datu Saudi-Ampatuan
Datu Unsay
Dauin
Dauis
Davao
Del Carmen
Del Gallego
Delfin Albano
Diadi
Diffun
Digos
Dilasag
Dimasalang
Dimataling
Dimiao
Dinagat
Dinalungan
Dinalupihan
Dinapigue
Dinas
Dingalan
Dingle
Dingras
Dipaculao
Diplahan
Dipolog
Ditsaan-Ramain
Divilacan
Dolores (AA)
Dolores (ES)
Dolores (QN)
Don Carlos
Don Marcelino
Don Victoriano Chiongbian
Dona Remedios Trinidad
Donsol
Duenas
Duero
Dulag
Dumaguete
Dumalag
Dumalinao
Dumalneg
Dumangas
Dumanjug
Dumaran
Dumarao
Dumingag
Dupax Del Norte
Dupax Del Sur
E. B. Magalona
Echague
El Nido
El Salvador
Enrile
Enrique Villanueva
Escalante
Esperanza (AS)
Esperanza (MS)
Esperanza (SK)
Estancia
Famy
Ferrol
Flora
Floridablanca
Gabaldon
Gainza
Galimuyod
Gamay
Gamu
Ganassi
Gandara
Gapan
Garchitorena
Garcia-Hernandez
Gasan
Gattaran
Gen S.K Pendatun
Gen. Emilio Aguinaldo
Gen. Mariano Alvarez
General Luna  (SN)
General Luna (QN)
General Macarthur
General Mamerto Natividad
General Nakar
General Santos
General Tinio
General Trias
Gerona
Getafe
Gigaquit
Gigmoto
Ginatilan
Gingoog
Giporlos
Gitagum
Glan
Gloria
Goa
Godod
Gonzaga
Governor Generoso
Gregorio Del Pilar
Guagua
Gubat
Guiguinto (BU)
Guihulngan
Guimba
Guimbal
Guinayangan
Guindulman
Guindulungan
Guinobatan
Guinsiliban
Guipos
Guiuan
Gumaca
Gutalac
Hadji Mohammad Ajul
Hadji Muhtamad
Hadji Panglima Tahil
Hagonoy (BU)
Hagonoy (DS)
Hamtic
Hermosa
Hernani
Hilongos
Himamaylan
Hinabangan
Hinatuan
Hindang
Hingyon
Hinigaran
Hinobaan
Hinunangan
Hinundayan
Hungduan
Iba
Ibaan
Ibajay
Igacos
Igbaras
Iguig
Ilagan
Iligan
Ilog
Iloilo
Imelda
Impasug-Ong
Imus
Inabanga
Indanan
Indang
Infanta (PS)
Infanta (QN)
Initao
Inopacan
Ipil
Iriga
Irosin
Isabel
Isabela (BAS)
Isabela (NO)
Isulan
Itbayat
Itogon
Ivana
Ivisan
Jabonga
Jaen
Jagna
Jalajala
Jamindan
Janiuay
Jaro
Jasaan
Javier
Jiabong
Jimalalud
Jimenez
Jipapad
Jolo
Jomalig
Jones
Jordan
Jose Abad Santos
Jose Dalman
Jose Panganiban
Josefina
Jovellar
Juban
Julita
Kabacan
Kabankalan
Kabasalan
Kabayan
Kabugao
Kabuntalan
Kadingilan
Kalamansig
Kalawit
Kalayaan (LA)
Kalayaan (PN)
Kalibo
Kalilangan
Kalingalan Caluang
Kananga
Kapai
Kapalong
Kapangan
Kapatagan (LN)
Kapatagan (LS)
Kasibu
Katipunan
Kauswagan
Kawayan
Kawit
Kayapa
Kiamba
Kiangan
Kibawe
Kiblawan
Kibungan
Kidapawan
Kinoguitan
Kitaotao
Kitcharao
Kolambugan
Koronadal
Kumalarang
La Carlota
La Castellana
La Libertad (NR)
La Libertad (ZN)
La Paz (AA)
La Paz (AS)
La Paz (LE)
La Paz (TC)
La Trinidad
Laak
Labangan
Labason
Labo
Labrador
Lacub
Lagangilang
Lagawe
Lagayan
Lagonglong
Lagonoy
Laguindingan
Lake Sebu
Lakewood
Lala
Lallo
Lambayong
Lambunao
Lamitan
Lamut
Langiden
Languyan
Lantapan
Lantawan
Lanuza
Laoac
Laoag
Laoang
Lapinig
Lapu Lapu
Lapuyan
Larena
Las Navas
Las Nieves
Las Pinas
Lasam
Laua-An
Laur
Laurel
Lavezares
Lawaan
Lazi
Lebak
Leganes
Legazpi
Lemery (BS)
Lemery (IO)
Leon
Leyte
Lezo
Lian
Lianga
Libacao
Libagon
Libertad (AE)
Libertad (MO)
Libjo
Libmanan
Libon
Libona
Libungan
Licab
Licuan-Baay
Lidlidda
Ligao
Lila
Liliw
Liloan (CU)
Liloan (SL)
Liloy
Limasawa
Limay
Linamon
Linapacan
Lingayen
Lingig
Lipa
Llanera
Llorente
Loay
Lobo
Loboc
Looc (OM)
Looc (RN)
Loon
Lope De Vega
Lopez
Lopez Jaena
Loreto (AS)
Loreto (DI)
Los Banos
Luba
Lubang
Lubao
Lubuagan
Lucban
Lucena
Lugait
Lugus
Luisiana
Lumba-Bayabao
Lumbaca-Unayan
Lumban
Lumbatan
Lumbayanague
Luna (AO)
Luna (IA)
Luna (LU)
Lupao
Lupi
Lupon
Lutayan
Luuk
Ma-Ayon
Maasim
Maasin (IO)
Maasin (SL)
Mabalacat
Mabinay
Mabini (BL)
Mabini (BS)
Mabini (CV)
Mabini (PS)
Mabitac
Mabuhay
Macabebe
Macalelon
Macarthur
Maco
Maconacon
Macrohon
Madalag
Madalum
Madamba
Maddela
Madrid
Madridejos
Magalang
Magallanes (AN)
Magallanes (CE)
Magallanes (SO)
Magarao
Magdalena
Magdiwang
Magpet
Magsaysay (DS)
Magsaysay (LN)
Magsaysay (MO)
Magsaysay (OM)
Magsaysay (PN)
Magsingal
Maguing
Mahaplag
Mahatao
Mahayag
Mahinog
Maigo
Maimbung
Mainit
Maitum
Majayjay
Makati
Makato
Makilala
Malabang
Malabon
Malabuyoc
Malalag
Malangas
Malapatan
Malasiqui
Malay
Malaybalay
Malibcong
Malilipot
Malimono
Malinao (AK)
Malinao (AY)
Malita
Malitbog (BK)
Malitbog (SL)
Mallig
Malolos
Malungon
Maluso
Malvar
Mamasapano
Mambajao
Mamburao
Mambusao
Manabo
Manaoag
Manapla
Manay
Mandaluyong
Mandaon
Mandaue
Mangaldan
Mangatarem
Mangudadatu
Manila
Manito
Manjuyod
Mankayan
Manolo Fortich
Mansalay
Manticao
Manukan
Mapanas
Mapandan
Mapun
Marabut
Maragondon
Maragusan
Maramag
Marantao
Marawi
Marcos
Margosatubig
Maria
Maria Aurora
Maribojoc
Marihatag
Marikina
Marilao
Maripipi
Mariveles
Marogong
Masantol
Masbate
Masinloc
Masiu
Maslog
Mataasnakahoy
Matag-Ob
Matalam
Matalom
Matanao
Matanog
Mati
Matnog
Matuguinao
Matungao
Mauban
Mawab
Mayantoc
Maydolong
Mayorga
Mayoyao
Medellin
Medina
Mendez
Mercedes
Mercedes (ES)
Merida
Mexico
Meycauayan
Miag-ao
Midsalip
Midsayap
Milagros
Milaor
Mina
Minalabac
Minalin
Minglanilla
Mlang
Moalboal
Mobo
Mogpog
Moises Padilla
Molave
Moncada
Mondragon
Monkayo
Monreal
Montevista
Morong (BN)
Morong (RL)
Motiong
Mulanay
Mulondo
Munai
Muntinlupa
Murcia
Mutia
Naawan
Nabas
Nabua
Nabunturan
Naga (CS)
Naga (CU)
Naga (ZS)
Nagbukel
Nagcarlan
Nagtipunan
Naguilian (IA)
Naguilian (LU)
Naic
Nampicuan
Narra
Narvacan
Nasipit
Nasugbu
Natividad
Natonin
Naujan
Naval
Navotas
New Bataan
New Corella
New Lucena
New Washington
Norala
Northern Kabuntalan
Norzagaray
Noveleta
Nueva Era
Nueva Valencia
Numancia
Nunungan
Oas
Obando
Ocampo
Odiongan
Old Panamao
Olongapo
Olutanga
Omar
Opol
Orani
Oras
Orion
Ormoc
Oroquieta
Oslob
Oton
Ozamiz
Padada
Padre Burgos (QN)
Padre Burgos (SL)
Padre Garcia
Paete
Pagadian
Pagagawan
Pagalungan
Pagayawan
Pagbilao
Paglat
Pagsanghan
Pagsanjan
Pagudpud
Pakil
Palanan
Palanas
Palapag
Palauig
Palayan
Palimbang
Palo
Palompon
Paluan
Pambujan
Pamplona (CG)
Pamplona (CS)
Pamplona (NR)
Panabo
Panaon
Panay
Pandag
Pandami
Pandan (AE)
Pandan (CT)
Pandi
Panganiban
Pangantucan
Pangil
Panglao
Panglima Estino
Panglima Sugala
Pangutaran
Paniqui
Panitan
Pantabangan
Pantao Ragat
Pantar
Pantukan
Panukulan
Paoay
Paombong
Paracale
Paracelis
Paranaque
Paranas
Parang (MA)
Parang (SU)
Pasacao
Pasay
Pasig
Pasil
Passi
Pastrana
Pasuquin
Pata
Pateros
Patikul
Patnanungan
Patnongon
Pavia
Payao
Penablanca
Penaranda
Penarrubia
Perez
Piagapo
Piat
Picong
Piddig
Pidigan
Pigcawayan
Pikit
Pila
Pilar (AA)
Pilar (BL)
Pilar (BN)
Pilar (CU)
Pilar (CZ)
Pilar (SN)
Pilar (SO)
Pili
Pililla
Pinabacdao
Pinamalayan
Pinamungajan
Pinan
Pinili
Pintuyan
Pinukpuk
Pio Duran
Pio V Corpuz
Pitogo (QN)
Pitogo (ZR)
Placer (MS)
Placer (SN)
Plaridel (BU)
Plaridel (MC)
Plaridel (QN)
Pola
Polanco
Polangui
Polillo
Polomolok
Pontevedra (CZ)
Pontevedra (NO)
Poona Bayabao
Poona Piagapo
Porac
Poro
Pototan
Pozorrubio
Presentacion
President Garcia
President Quirino
President Roxas (CZ)
President Roxas (NC)
Prieto Diaz
Prosperidad
Pualas
Pudtol
Puerto Galera
Puerto Princesa
Pugo
Pulilan
Pulupandan
Pura
Quezon (BK)
Quezon (IA)
Quezon (MM)
Quezon (NE)
Quezon (NV)
Quezon (PN)
Quezon (QN)
Quinapondan
Quirino (IA)
Quirino (IS)
R.T. Lim
Ragay
Rajah Buayan
Ramon
Ramon Magsaysay
Ramos
Rapu-Rapu
Real
Reina Mercedes
Remedios T. Romualdez
Rizal (CG)
Rizal (KA)
Rizal (LA)
Rizal (NE)
Rizal (OM)
Rizal (PN)
Rizal (ZN)
Rodriguez
Romblon
Ronda
Rosales
Rosario (AS)
Rosario (BS)
Rosario (CE)
Rosario (LU)
Rosario (NS)
Roxas (CZ)
Roxas (IA)
Roxas (OR)
Roxas (PN)
Roxas (ZN)
Sabangan
Sablan
Sablayan
Sabtang
Sadanga
Sagada
Sagay (CM)
Sagay (NO)
Sagbayan
Sagnay
Saguday
Saguiaran
Saint Bernard
Salay
Salcedo (ES)
Salcedo (IS)
Sallapadan
Salug
Salvador
Salvador Benedicto
Samal
Samboan
Sampaloc
San Agustin (IA)
San Agustin (RN)
San Agustin (SS)
San Andres (CT)
San Andres (QN)
San Andres (RN)
San Antonio (NE)
San Antonio (NS)
San Antonio (QN)
San Antonio (ZA)
San Benito
San Carlos (NO)
San Carlos (PS)
San Clemente
San Dionisio
San Emilio
San Enrique (IO)
San Enrique (NO)
San Esteban
San Fabian
San Felipe
San Fernando (BK)
San Fernando (CS)
San Fernando (CU)
San Fernando (LU)
San Fernando (MS)
San Fernando (PA)
San Fernando (RN)
San Francisco (AS)
San Francisco (CU)
San Francisco (QN)
San Francisco (SL)
San Francisco (SN)
San Gabriel
San Guillermo
San Ildefonso (BU)
San Ildefonso (IS)
San Isidro (AA)
San Isidro (BL)
San Isidro (DN)
San Isidro (DO)
San Isidro (IA)
San Isidro (LE)
San Isidro (NE)
San Isidro (NS)
San Isidro (SN)
San Jacinto (MS)
San Jacinto (PS)
San Joaquin
San Jorge
San Jose (AE)
San Jose (BS)
San Jose (CS)
San Jose (DI)
San Jose (NE)
San Jose (NR)
San Jose (NS)
San Jose (OM)
San Jose (RN)
San Jose (TC)
San Jose De Buan
San Jose Del Monte
San Juan (AA)
San Juan (BS)
San Juan (IS)
San Juan (LU)
San Juan (MM)
San Juan (SL)
San Juan (SR)
San Julian
San Leonardo
San Lorenzo
San Lorenzo Ruiz
San Luis (AS)
San Luis (AU)
San Luis (BS)
San Luis (PA)
San Manuel (IA)
San Manuel (PS)
San Manuel (TC)
San Marcelino
San Mariano
San Mateo (IA)
San Mateo (RL)
San Miguel (BL)
San Miguel (BU)
San Miguel (CT)
San Miguel (IO)
San Miguel (LE)
San Miguel (SS)
San Miguel (ZR)
San Narciso (QN)
San Narciso (ZA)
San Nicolas (BS)
San Nicolas (IN)
San Nicolas (PS)
San Pablo (IA)
San Pablo (LA)
San Pablo (ZR)
San Pascual (BS)
San Pascual (MS)
San Pedro
San Policarpo
San Quintin (AA)
San Quintin (PS)
San Rafael (BU)
San Rafael (IO)
San Remigio (AE)
San Remigio (CU)
San Ricardo
San Roque
San Sebastian
San Simon
San Teodoro
San Vicente (CN)
San Vicente (IS)
San Vicente (NS)
San Vicente (PN)
Sanchez-Mira
Santa
Santa Ana (CG)
Santa Ana (PA)
Santa Barbara (IO)
Santa Barbara (PS)
Santa Catalina (IS)
Santa Catalina (NR)
Santa Cruz (DS)
Santa Cruz (IS)
Santa Cruz (LA)
Santa Cruz (ME)
Santa Cruz (OM)
Santa Cruz (ZA)
Santa Elena
Santa Fe (CU)
Santa Fe (LE)
Santa Fe (NV)
Santa Fe (RN)
Santa Ignacia
Santa Josefa
Santa Lucia
Santa Magdalena
Santa Marcela
Santa Margarita
Santa Maria (BU)
Santa Maria (DS)
Santa Maria (IA)
Santa Maria (IS)
Santa Maria (Imelda)
Santa Maria (LA)
Santa Maria (PS)
Santa Monica
Santa Praxedes
Santa Rita (PA)
Santa Rita (WS)
Santa Rosa (LA)
Santa Rosa (NE)
Santa Teresita (BS)
Santa Teresita (CG)
Santander
Santiago (AN)
Santiago (IA)
Santiago (IS)
Santo Domingo (AY)
Santo Domingo (IS)
Santo Domingo (NE)
Santo Nino (CG)
Santo Nino (SC)
Santo Nino (WS)
Santo Tomas (BS)
Santo Tomas (DN)
Santo Tomas (IA)
Santo Tomas (LU)
Santo Tomas (PA)
Santo Tomas (PS)
Santol
Sapa-Sapa
Sapad
Sapang Dalaga
Sapi-An
Sara
Sarangani
Sariaya
Sarrat
Sasmuan
Science City of Munoz
Sebaste
Senator Ninoy Aquino
Sergio Osmena
Sevilla
Shariff Aguak
Shariff Saydona Mustapha
Siasi
Siaton
Siay
Siayan
Sibagat
Sibalom
Sibonga
Sibuco
Sibulan
Sibunag
Sibutad
Sibutu
Sierra Bullones
Sigay
Sigma
Sikatuna
Silago
Silang
Silay
Silvino Lobos
Simunul
Sinacaban
Sinait
Sindangan
Siniloan
Siocon
Sipalay
Sipocot
Siquijor
Sirawai
Siruma
Sison (PS)
Sison (SN)
Sitangkai
Socorro (OR)
Socorro (SN)
Sofronio Espanola
Sogod (CU)
Sogod (SL)
Solana
Solano
Solsona
Sominot
Sorsogon
South Ubian
South Upi
Sual
Subic
Sudipen
Sugbongcogon
Sugpon
Sulat
Sulop
Sultan Dumalondong
Sultan Kudarat
Sultan Mastura
Sultan Naga Dimaporo
Sultan Sa Barongis
Sumilao
Sumisip
Surallah
Surigao
Suyo
Taal
Tabaco
Tabango
Tabina
Tabogon
Tabontabon
Tabuan-Lasa
Tabuelan
Tabuk
Tacloban
Tacurong
Tadian
Taft
Tagana-An
Tagapul-An
Tagaytay
Tagbilaran
Tagbina
Tagkawayan
Tago
Tagoloan (LN)
Tagoloan (MO)
Tagoloan Ii
Tagudin
Taguig
Tagum
Talacogon
Talaingod
Talakag
Talalora
Talavera
Talayan
Talibon
Talipao
Talisay  (CU)
Talisay (BS)
Talisay (CN)
Talisay (NO)
Talisayan
Talitay
Talugtug
Talusan
Tambulig
Tampakan
Tamparan
Tampilisan
Tanauan (BS)
Tanauan (LE)
Tanay
Tandag
Tandubas
Tangalan
Tangcal
Tangub
Tanjay
Tantangan
Tanudan
Tanza
Tapaz
Tapul
Taraka
Tarangnan
Tarlac
Tarragona
Tayabas
Tayasan
Taysan
Taytay (PN)
Taytay (RL)
Tayug
Tayum
Teresa
Ternate
Tiaong
Tibiao
Tigaon
Tigbao
Tigbauan
Tinambac
Tineg
Tinglayan
Tingloy
Tinoc
Tipo-Tipo
Titay
Tiwi
Tobias Fornier
Toboso
Toledo
Tolosa
Tomas Oppus
Tongkil
Torrijos
Trece Martires
Trento
Trinidad
Tuao
Tuba
Tubajon
Tubao
Tubaran
Tubay
Tubigon
Tublay
Tubo
Tubod (LN)
Tubod (SN)
Tubungan
Tuburan (BA)
Tuburan (CU)
Tudela (CU)
Tudela (MC)
Tugaya
Tuguegarao
Tukuran
Tulunan
Tumauini
Tunga
Tungawan
Tupi
Turtle Islands
Tuy
Ubay
Umingan
Ungkaya Pukan
Unisan
Upi
Urbiztondo
Urdaneta
Uson
Uyugan
Valderrama
Valencia (BK)
Valencia (BL)
Valencia (NR)
Valenzuela
Valladolid
Vallehermoso
Veruela
Victoria (LA)
Victoria (NS)
Victoria (OR)
Victoria (TC)
Victorias
Viga
Vigan
Villaba
Villanueva
Villareal
Villasis
Villaverde
Villaviciosa
Vincenzo A Sagun
Vintar
Vinzons
Virac
Wao
Zamboanga
Zamboanguita
Zaragoza
Zarraga
Zumarraga
